arch,cpu-clock,isa,l1d_assoc,l1d_cache_lines,l1d_shared_by_threads,l1d_size,l2_assoc,l2_cache_lines,l2_shared_by_threads,l2_size,l3_assoc,l3_cache_lines,l3_shared_by_threads,l3_size,mem-size,mem-type,mem_clock,num-cpus,PS,runtime
ARM_QcomSnpS4_MSM8227_LPDDR2400_2GB,1,ARM,8,64,1,4,8,64,1,16,16,64,2,1,2,LPDDR2,400,2,1000,1247
ARM_QcomSnpS4_MSM8227_LPDDR2400_3GB,1,ARM,8,64,1,4,8,64,1,16,16,64,2,1,3,LPDDR2,400,2,1000,1247
ARM_QcomSnpS4_MSM8227_LPDDR2400_4GB,1,ARM,8,64,1,4,8,64,1,16,16,64,2,1,4,LPDDR2,400,2,1000,1247
ARM_QcomSnpS4_MSM8227_LPDDR2400_6GB,1,ARM,8,64,1,4,8,64,1,16,16,64,2,1,6,LPDDR2,400,2,1000,1247
ARM_QcomSnpS4_MSM8227_LPDDR2400_7GB,1,ARM,8,64,1,4,8,64,1,16,16,64,2,1,7,LPDDR2,400,2,1000,1247
ARM_QcomSnpS4_APQ8030_LPDDR2533_2GB,1.2,ARM,8,64,1,4,8,64,1,16,16,64,2,1,2,LPDDR2,533,2,1000,1067
ARM_QcomSnpS4_APQ8030_LPDDR2533_3GB,1.2,ARM,8,64,1,4,8,64,1,16,16,64,2,1,3,LPDDR2,533,2,1000,1067
ARM_QcomSnpS4_APQ8030_LPDDR2533_4GB,1.2,ARM,8,64,1,4,8,64,1,16,16,64,2,1,4,LPDDR2,533,2,1000,1067
ARM_QcomSnpS4_APQ8030_LPDDR2533_6GB,1.2,ARM,8,64,1,4,8,64,1,16,16,64,2,1,6,LPDDR2,533,2,1000,1067
ARM_QcomSnpS4_APQ8030_LPDDR2533_7GB,1.2,ARM,8,64,1,4,8,64,1,16,16,64,2,1,7,LPDDR2,533,2,1000,1067
ARM_QcomSnpS4_APQ8060A_LPDDR2533_2GB,1.5,ARM,8,64,1,4,8,64,1,16,16,64,2,1,2,LPDDR2,533,2,1000,881
ARM_QcomSnpS4_APQ8060A_LPDDR2533_3GB,1.5,ARM,8,64,1,4,8,64,1,16,16,64,2,1,3,LPDDR2,533,2,1000,881
ARM_QcomSnpS4_APQ8060A_LPDDR2533_4GB,1.5,ARM,8,64,1,4,8,64,1,16,16,64,2,1,4,LPDDR2,533,2,1000,881
ARM_QcomSnpS4_APQ8060A_LPDDR2533_6GB,1.5,ARM,8,64,1,4,8,64,1,16,16,64,2,1,6,LPDDR2,533,2,1000,881
ARM_QcomSnpS4_APQ8060A_LPDDR2533_7GB,1.5,ARM,8,64,1,4,8,64,1,16,16,64,2,1,7,LPDDR2,533,2,1000,881
ARM_QcomSnpS4_MSM8960T_LPDDR2533_2GB,1.7,ARM,8,64,1,4,8,64,1,16,16,64,2,1,2,LPDDR2,533,2,1000,796
ARM_QcomSnpS4_MSM8960T_LPDDR2533_3GB,1.7,ARM,8,64,1,4,8,64,1,16,16,64,2,1,3,LPDDR2,533,2,1000,796
ARM_QcomSnpS4_MSM8960T_LPDDR2533_4GB,1.7,ARM,8,64,1,4,8,64,1,16,16,64,2,1,4,LPDDR2,533,2,1000,796
ARM_QcomSnpS4_MSM8960T_LPDDR2533_6GB,1.7,ARM,8,64,1,4,8,64,1,16,16,64,2,1,6,LPDDR2,533,2,1000,796
ARM_QcomSnpS4_MSM8960T_LPDDR2533_7GB,1.7,ARM,8,64,1,4,8,64,1,16,16,64,2,1,7,LPDDR2,533,2,1000,796
ARM_QcomSnpS4_APQ8064_LPDDR2533_2GB,1.5,ARM,8,64,1,4,8,64,1,16,16,64,4,2,2,LPDDR2,533,4,1000,881
ARM_QcomSnpS4_APQ8064_LPDDR2533_3GB,1.5,ARM,8,64,1,4,8,64,1,16,16,64,4,2,3,LPDDR2,533,4,1000,881
ARM_QcomSnpS4_APQ8064_LPDDR2533_4GB,1.5,ARM,8,64,1,4,8,64,1,16,16,64,4,2,4,LPDDR2,533,4,1000,881
ARM_QcomSnpS4_APQ8064_LPDDR2533_6GB,1.5,ARM,8,64,1,4,8,64,1,16,16,64,4,2,6,LPDDR2,533,4,1000,881
ARM_QcomSnpS4_APQ8064_LPDDR2533_7GB,1.5,ARM,8,64,1,4,8,64,1,16,16,64,4,2,7,LPDDR2,533,4,1000,881
ARM_QcomSnpS4_APQ8064M_LPDDR2533_2GB,1.7,ARM,8,64,1,4,8,64,1,16,16,64,4,2,2,LPDDR2,533,4,1000,796
ARM_QcomSnpS4_APQ8064M_LPDDR2533_3GB,1.7,ARM,8,64,1,4,8,64,1,16,16,64,4,2,3,LPDDR2,533,4,1000,796
ARM_QcomSnpS4_APQ8064M_LPDDR2533_4GB,1.7,ARM,8,64,1,4,8,64,1,16,16,64,4,2,4,LPDDR2,533,4,1000,796
ARM_QcomSnpS4_APQ8064M_LPDDR2533_6GB,1.7,ARM,8,64,1,4,8,64,1,16,16,64,4,2,6,LPDDR2,533,4,1000,796
ARM_QcomSnpS4_APQ8064M_LPDDR2533_7GB,1.7,ARM,8,64,1,4,8,64,1,16,16,64,4,2,7,LPDDR2,533,4,1000,796
ARM_QcomSnpS4_APQ8064AB_LPDDR2667_2GB,1.9,ARM,8,64,1,4,8,64,1,16,16,64,4,2,2,LPDDR2,667,4,1000,731
ARM_QcomSnpS4_APQ8064AB_LPDDR2667_3GB,1.9,ARM,8,64,1,4,8,64,1,16,16,64,4,2,3,LPDDR2,667,4,1000,731
ARM_QcomSnpS4_APQ8064AB_LPDDR2667_4GB,1.9,ARM,8,64,1,4,8,64,1,16,16,64,4,2,4,LPDDR2,667,4,1000,731
ARM_QcomSnpS4_APQ8064AB_LPDDR2667_6GB,1.9,ARM,8,64,1,4,8,64,1,16,16,64,4,2,6,LPDDR2,667,4,1000,731
ARM_QcomSnpS4_APQ8064AB_LPDDR2667_7GB,1.9,ARM,8,64,1,4,8,64,1,16,16,64,4,2,7,LPDDR2,667,4,1000,731
ARM_QcomSnpS4_APQ8074AA_LPDDR2800_2GB,2.26,ARM,8,64,1,4,8,64,1,16,16,64,4,2,2,LPDDR2,800,4,1000,635
ARM_QcomSnpS4_APQ8074AA_LPDDR2800_3GB,2.26,ARM,8,64,1,4,8,64,1,16,16,64,4,2,3,LPDDR2,800,4,1000,635
ARM_QcomSnpS4_APQ8074AA_LPDDR2800_4GB,2.26,ARM,8,64,1,4,8,64,1,16,16,64,4,2,4,LPDDR2,800,4,1000,635
ARM_QcomSnpS4_APQ8074AA_LPDDR2800_6GB,2.26,ARM,8,64,1,4,8,64,1,16,16,64,4,2,6,LPDDR2,800,4,1000,635
ARM_QcomSnpS4_APQ8074AA_LPDDR2800_7GB,2.26,ARM,8,64,1,4,8,64,1,16,16,64,4,2,7,LPDDR2,800,4,1000,635
ARM_QcomSnpS4_APQ8074AB_LPDDR2933_2GB,2.36,ARM,8,64,1,4,8,64,1,16,16,64,4,2,2,LPDDR2,933,4,1000,617
ARM_QcomSnpS4_APQ8074AB_LPDDR2933_3GB,2.36,ARM,8,64,1,4,8,64,1,16,16,64,4,2,3,LPDDR2,933,4,1000,617
ARM_QcomSnpS4_APQ8074AB_LPDDR2933_4GB,2.36,ARM,8,64,1,4,8,64,1,16,16,64,4,2,4,LPDDR2,933,4,1000,617
ARM_QcomSnpS4_APQ8074AB_LPDDR2933_6GB,2.36,ARM,8,64,1,4,8,64,1,16,16,64,4,2,6,LPDDR2,933,4,1000,617
ARM_QcomSnpS4_APQ8074AB_LPDDR2933_7GB,2.36,ARM,8,64,1,4,8,64,1,16,16,64,4,2,7,LPDDR2,933,4,1000,617
ARM_QcomSnpS4_APQ8084_LPDDR2800_2GB,2.7,ARM,8,64,1,4,8,64,1,16,16,64,4,2,2,LPDDR2,800,4,1000,558
ARM_QcomSnpS4_APQ8084_LPDDR2800_3GB,2.7,ARM,8,64,1,4,8,64,1,16,16,64,4,2,3,LPDDR2,800,4,1000,558
ARM_QcomSnpS4_APQ8084_LPDDR2800_4GB,2.7,ARM,8,64,1,4,8,64,1,16,16,64,4,2,4,LPDDR2,800,4,1000,558
ARM_QcomSnpS4_APQ8084_LPDDR2800_6GB,2.7,ARM,8,64,1,4,8,64,1,16,16,64,4,2,6,LPDDR2,800,4,1000,558
ARM_QcomSnpS4_APQ8084_LPDDR2800_7GB,2.7,ARM,8,64,1,4,8,64,1,16,16,64,4,2,7,LPDDR2,800,4,1000,558
ARM_QcomSnpS4_MSM8992_LPDDR2933_2GB,1.5,ARM,8,64,1,64,8,64,1,128,12,64,6,3,2,LPDDR2,933,6,1000,686
ARM_QcomSnpS4_MSM8992_LPDDR2933_3GB,1.5,ARM,8,64,1,64,8,64,1,128,12,64,6,3,3,LPDDR2,933,6,1000,686
ARM_QcomSnpS4_MSM8992_LPDDR2933_4GB,1.5,ARM,8,64,1,64,8,64,1,128,12,64,6,3,4,LPDDR2,933,6,1000,686
ARM_QcomSnpS4_MSM8992_LPDDR2933_6GB,1.5,ARM,8,64,1,64,8,64,1,128,12,64,6,3,6,LPDDR2,933,6,1000,686
ARM_QcomSnpS4_MSM8992_LPDDR2933_7GB,1.5,ARM,8,64,1,64,8,64,1,128,12,64,6,3,7,LPDDR2,933,6,1000,686
ARM_QcomSnpS4_MSM8994_LPDDR31600_2GB,1.75,ARM,8,64,1,64,8,64,1,128,12,64,8,3,2,LPDDR3,1600,8,1000,573
ARM_QcomSnpS4_MSM8994_LPDDR31600_3GB,1.75,ARM,8,64,1,64,8,64,1,128,12,64,8,3,3,LPDDR3,1600,8,1000,573
ARM_QcomSnpS4_MSM8994_LPDDR31600_4GB,1.75,ARM,8,64,1,64,8,64,1,128,12,64,8,3,4,LPDDR3,1600,8,1000,573
ARM_QcomSnpS4_MSM8994_LPDDR31600_6GB,1.75,ARM,8,64,1,64,8,64,1,128,12,64,8,3,6,LPDDR3,1600,8,1000,573
ARM_QcomSnpS4_MSM8994_LPDDR31600_7GB,1.75,ARM,8,64,1,64,8,64,1,128,12,64,8,3,7,LPDDR3,1600,8,1000,573
ARM_QcomSnpS4_MSM8996_LPDDR31866_2GB,1.75,ARM,8,64,1,4,8,64,1,16,16,64,4,2,2,LPDDR3,1866,4,1000,740
ARM_QcomSnpS4_MSM8996_LPDDR31866_3GB,1.75,ARM,8,64,1,4,8,64,1,16,16,64,4,2,3,LPDDR3,1866,4,1000,740
ARM_QcomSnpS4_MSM8996_LPDDR31866_4GB,1.75,ARM,8,64,1,4,8,64,1,16,16,64,4,2,4,LPDDR3,1866,4,1000,740
ARM_QcomSnpS4_MSM8996_LPDDR31866_6GB,1.75,ARM,8,64,1,4,8,64,1,16,16,64,4,2,6,LPDDR3,1866,4,1000,740
ARM_QcomSnpS4_MSM8996_LPDDR31866_7GB,1.75,ARM,8,64,1,4,8,64,1,16,16,64,4,2,7,LPDDR3,1866,4,1000,740
ARM_AppleA10_APL1W24_LPDDR31600_2GB,2.34,ARM,8,64,1,64,8,64,1,1024,16,64,4,4,2,LPDDR3,1600,4,1000,443
ARM_AppleA10_APL1W24_LPDDR31600_3GB,2.34,ARM,8,64,1,64,8,64,1,1024,16,64,4,4,3,LPDDR3,1600,4,1000,443
ARM_AppleA10_APL1W24_LPDDR31600_4GB,2.34,ARM,8,64,1,64,8,64,1,1024,16,64,4,4,4,LPDDR3,1600,4,1000,443
ARM_AppleA10_APL1W24_LPDDR31600_6GB,2.34,ARM,8,64,1,64,8,64,1,1024,16,64,4,4,6,LPDDR3,1600,4,1000,443
ARM_AppleA10_APL1W24_LPDDR31600_7GB,2.34,ARM,8,64,1,64,8,64,1,1024,16,64,4,4,7,LPDDR3,1600,4,1000,443
ARM_AppleA9_APL0898_LPDDR31600_2GB,1.85,ARM,8,64,1,64,8,64,1,1024,16,64,2,4,2,LPDDR3,1600,2,1000,528
ARM_AppleA9_APL0898_LPDDR31600_3GB,1.85,ARM,8,64,1,64,8,64,1,1024,16,64,2,4,3,LPDDR3,1600,2,1000,528
ARM_AppleA9_APL0898_LPDDR31600_4GB,1.85,ARM,8,64,1,64,8,64,1,1024,16,64,2,4,4,LPDDR3,1600,2,1000,528
ARM_AppleA9_APL0898_LPDDR31600_6GB,1.85,ARM,8,64,1,64,8,64,1,1024,16,64,2,4,6,LPDDR3,1600,2,1000,528
ARM_AppleA9_APL0898_LPDDR31600_7GB,1.85,ARM,8,64,1,64,8,64,1,1024,16,64,2,4,7,LPDDR3,1600,2,1000,528
ARM_AppleA8X_APL1012_LPDDR31600_2GB,1.5,ARM,8,64,1,64,8,64,1,1024,16,64,3,4,2,LPDDR3,1600,3,1000,626
ARM_AppleA8X_APL1012_LPDDR31600_3GB,1.5,ARM,8,64,1,64,8,64,1,1024,16,64,3,4,3,LPDDR3,1600,3,1000,626
ARM_AppleA8X_APL1012_LPDDR31600_4GB,1.5,ARM,8,64,1,64,8,64,1,1024,16,64,3,4,4,LPDDR3,1600,3,1000,626
ARM_AppleA8X_APL1012_LPDDR31600_6GB,1.5,ARM,8,64,1,64,8,64,1,1024,16,64,3,4,6,LPDDR3,1600,3,1000,626
ARM_AppleA8X_APL1012_LPDDR31600_7GB,1.5,ARM,8,64,1,64,8,64,1,1024,16,64,3,4,7,LPDDR3,1600,3,1000,626
ARM_AppleA8_APL1011_LPDDR31600_2GB,1.1,ARM,8,64,1,64,8,64,1,1024,16,64,2,4,2,LPDDR3,1600,2,1000,804
ARM_AppleA8_APL1011_LPDDR31600_3GB,1.1,ARM,8,64,1,64,8,64,1,1024,16,64,2,4,3,LPDDR3,1600,2,1000,804
ARM_AppleA8_APL1011_LPDDR31600_4GB,1.1,ARM,8,64,1,64,8,64,1,1024,16,64,2,4,4,LPDDR3,1600,2,1000,804
ARM_AppleA8_APL1011_LPDDR31600_6GB,1.1,ARM,8,64,1,64,8,64,1,1024,16,64,2,4,6,LPDDR3,1600,2,1000,804
ARM_AppleA8_APL1011_LPDDR31600_7GB,1.1,ARM,8,64,1,64,8,64,1,1024,16,64,2,4,7,LPDDR3,1600,2,1000,804
ARM_AppleA7_APL0698_LPDDR31600_2GB,1.3,ARM,8,64,1,64,8,64,1,512,16,64,2,4,2,LPDDR3,1600,2,1000,701
ARM_AppleA7_APL0698_LPDDR31600_3GB,1.3,ARM,8,64,1,64,8,64,1,512,16,64,2,4,3,LPDDR3,1600,2,1000,701
ARM_AppleA7_APL0698_LPDDR31600_4GB,1.3,ARM,8,64,1,64,8,64,1,512,16,64,2,4,4,LPDDR3,1600,2,1000,701
ARM_AppleA7_APL0698_LPDDR31600_6GB,1.3,ARM,8,64,1,64,8,64,1,512,16,64,2,4,6,LPDDR3,1600,2,1000,701
ARM_AppleA7_APL0698_LPDDR31600_7GB,1.3,ARM,8,64,1,64,8,64,1,512,16,64,2,4,7,LPDDR3,1600,2,1000,701
ARM_AppleA6_APL0598_LPDDR21066_2GB,1.3,ARM,8,64,1,32,8,64,1,512,16,64,2,1,2,LPDDR2,1066,2,1000,738
ARM_AppleA6_APL0598_LPDDR21066_3GB,1.3,ARM,8,64,1,32,8,64,1,512,16,64,2,1,3,LPDDR2,1066,2,1000,738
ARM_AppleA6_APL0598_LPDDR21066_4GB,1.3,ARM,8,64,1,32,8,64,1,512,16,64,2,1,4,LPDDR2,1066,2,1000,738
ARM_AppleA6_APL0598_LPDDR21066_6GB,1.3,ARM,8,64,1,32,8,64,1,512,16,64,2,1,6,LPDDR2,1066,2,1000,738
ARM_AppleA6_APL0598_LPDDR21066_7GB,1.3,ARM,8,64,1,32,8,64,1,512,16,64,2,1,7,LPDDR2,1066,2,1000,738
ARM_AppleA5_APL7498_LPDDR2800_2GB,1,ARM,8,64,1,32,8,64,1,1024,16,64,1,1,2,LPDDR2,800,1,1000,917
ARM_AppleA5_APL7498_LPDDR2800_3GB,1,ARM,8,64,1,32,8,64,1,1024,16,64,1,1,3,LPDDR2,800,1,1000,917
ARM_AppleA5_APL7498_LPDDR2800_4GB,1,ARM,8,64,1,32,8,64,1,1024,16,64,1,1,4,LPDDR2,800,1,1000,917
ARM_AppleA5_APL7498_LPDDR2800_6GB,1,ARM,8,64,1,32,8,64,1,1024,16,64,1,1,6,LPDDR2,800,1,1000,917
ARM_AppleA5_APL7498_LPDDR2800_7GB,1,ARM,8,64,1,32,8,64,1,1024,16,64,1,1,7,LPDDR2,800,1,1000,917
ARM_AppleA4_APL0398_LPDDR2400_2GB,1,ARM,8,64,1,32,8,64,1,512,16,64,1,1,2,LPDDR2,400,1,1000,917
ARM_AppleA4_APL0398_LPDDR2400_3GB,1,ARM,8,64,1,32,8,64,1,512,16,64,1,1,3,LPDDR2,400,1,1000,917
ARM_AppleA4_APL0398_LPDDR2400_4GB,1,ARM,8,64,1,32,8,64,1,512,16,64,1,1,4,LPDDR2,400,1,1000,917
ARM_AppleA4_APL0398_LPDDR2400_6GB,1,ARM,8,64,1,32,8,64,1,512,16,64,1,1,6,LPDDR2,400,1,1000,917
ARM_AppleA4_APL0398_LPDDR2400_7GB,1,ARM,8,64,1,32,8,64,1,512,16,64,1,1,7,LPDDR2,400,1,1000,917
ARM_AMDOpteronA57_A1120_DDR41866_2GB,1.7,ARM,8,64,1,32,8,64,1,1024,16,64,4,8,2,DDR4,1866,4,1000,562
ARM_AMDOpteronA57_A1120_DDR41866_3GB,1.7,ARM,8,64,1,32,8,64,1,1024,16,64,4,8,3,DDR4,1866,4,1000,562
ARM_AMDOpteronA57_A1120_DDR41866_4GB,1.7,ARM,8,64,1,32,8,64,1,1024,16,64,4,8,4,DDR4,1866,4,1000,562
ARM_AMDOpteronA57_A1120_DDR41866_6GB,1.7,ARM,8,64,1,32,8,64,1,1024,16,64,4,8,6,DDR4,1866,4,1000,562
ARM_AMDOpteronA57_A1120_DDR41866_7GB,1.7,ARM,8,64,1,32,8,64,1,1024,16,64,4,8,7,DDR4,1866,4,1000,562
ARM_AMDOpteronA57_A1150_DDR41866_2GB,1.7,ARM,8,64,1,32,8,64,1,1024,16,64,8,8,2,DDR4,1866,8,1000,562
ARM_AMDOpteronA57_A1150_DDR41866_3GB,1.7,ARM,8,64,1,32,8,64,1,1024,16,64,8,8,3,DDR4,1866,8,1000,562
ARM_AMDOpteronA57_A1150_DDR41866_4GB,1.7,ARM,8,64,1,32,8,64,1,1024,16,64,8,8,4,DDR4,1866,8,1000,562
ARM_AMDOpteronA57_A1150_DDR41866_6GB,1.7,ARM,8,64,1,32,8,64,1,1024,16,64,8,8,6,DDR4,1866,8,1000,562
ARM_AMDOpteronA57_A1150_DDR41866_7GB,1.7,ARM,8,64,1,32,8,64,1,1024,16,64,8,8,7,DDR4,1866,8,1000,562
ARM_AMDOpteronA57_A1170_DDR41866_2GB,2,ARM,8,64,1,32,8,64,1,1024,16,64,8,8,2,DDR4,1866,8,1000,494
ARM_AMDOpteronA57_A1170_DDR41866_3GB,2,ARM,8,64,1,32,8,64,1,1024,16,64,8,8,3,DDR4,1866,8,1000,494
ARM_AMDOpteronA57_A1170_DDR41866_4GB,2,ARM,8,64,1,32,8,64,1,1024,16,64,8,8,4,DDR4,1866,8,1000,494
ARM_AMDOpteronA57_A1170_DDR41866_6GB,2,ARM,8,64,1,32,8,64,1,1024,16,64,8,8,6,DDR4,1866,8,1000,494
ARM_AMDOpteronA57_A1170_DDR41866_7GB,2,ARM,8,64,1,32,8,64,1,1024,16,64,8,8,7,DDR4,1866,8,1000,494
ARM_QcomSnpS4_MSM8227_LPDDR2400_2GB,1,ARM,8,64,1,4,8,64,1,16,16,64,2,1,2,LPDDR2,400,2,2000,2542
ARM_QcomSnpS4_MSM8227_LPDDR2400_3GB,1,ARM,8,64,1,4,8,64,1,16,16,64,2,1,3,LPDDR2,400,2,2000,2542
ARM_QcomSnpS4_MSM8227_LPDDR2400_4GB,1,ARM,8,64,1,4,8,64,1,16,16,64,2,1,4,LPDDR2,400,2,2000,2542
ARM_QcomSnpS4_MSM8227_LPDDR2400_6GB,1,ARM,8,64,1,4,8,64,1,16,16,64,2,1,6,LPDDR2,400,2,2000,2542
ARM_QcomSnpS4_MSM8227_LPDDR2400_7GB,1,ARM,8,64,1,4,8,64,1,16,16,64,2,1,7,LPDDR2,400,2,2000,2542
ARM_QcomSnpS4_APQ8030_LPDDR2533_2GB,1.2,ARM,8,64,1,4,8,64,1,16,16,64,2,1,2,LPDDR2,533,2,2000,2166
ARM_QcomSnpS4_APQ8030_LPDDR2533_3GB,1.2,ARM,8,64,1,4,8,64,1,16,16,64,2,1,3,LPDDR2,533,2,2000,2166
ARM_QcomSnpS4_APQ8030_LPDDR2533_4GB,1.2,ARM,8,64,1,4,8,64,1,16,16,64,2,1,4,LPDDR2,533,2,2000,2166
ARM_QcomSnpS4_APQ8030_LPDDR2533_6GB,1.2,ARM,8,64,1,4,8,64,1,16,16,64,2,1,6,LPDDR2,533,2,2000,2166
ARM_QcomSnpS4_APQ8030_LPDDR2533_7GB,1.2,ARM,8,64,1,4,8,64,1,16,16,64,2,1,7,LPDDR2,533,2,2000,2166
ARM_QcomSnpS4_APQ8060A_LPDDR2533_2GB,1.5,ARM,8,64,1,4,8,64,1,16,16,64,2,1,2,LPDDR2,533,2,2000,1790
ARM_QcomSnpS4_APQ8060A_LPDDR2533_3GB,1.5,ARM,8,64,1,4,8,64,1,16,16,64,2,1,3,LPDDR2,533,2,2000,1790
ARM_QcomSnpS4_APQ8060A_LPDDR2533_4GB,1.5,ARM,8,64,1,4,8,64,1,16,16,64,2,1,4,LPDDR2,533,2,2000,1790
ARM_QcomSnpS4_APQ8060A_LPDDR2533_6GB,1.5,ARM,8,64,1,4,8,64,1,16,16,64,2,1,6,LPDDR2,533,2,2000,1790
ARM_QcomSnpS4_APQ8060A_LPDDR2533_7GB,1.5,ARM,8,64,1,4,8,64,1,16,16,64,2,1,7,LPDDR2,533,2,2000,1790
ARM_QcomSnpS4_MSM8960T_LPDDR2533_2GB,1.7,ARM,8,64,1,4,8,64,1,16,16,64,2,1,2,LPDDR2,533,2,2000,1608
ARM_QcomSnpS4_MSM8960T_LPDDR2533_3GB,1.7,ARM,8,64,1,4,8,64,1,16,16,64,2,1,3,LPDDR2,533,2,2000,1608
ARM_QcomSnpS4_MSM8960T_LPDDR2533_4GB,1.7,ARM,8,64,1,4,8,64,1,16,16,64,2,1,4,LPDDR2,533,2,2000,1608
ARM_QcomSnpS4_MSM8960T_LPDDR2533_6GB,1.7,ARM,8,64,1,4,8,64,1,16,16,64,2,1,6,LPDDR2,533,2,2000,1608
ARM_QcomSnpS4_MSM8960T_LPDDR2533_7GB,1.7,ARM,8,64,1,4,8,64,1,16,16,64,2,1,7,LPDDR2,533,2,2000,1608
ARM_QcomSnpS4_APQ8064_LPDDR2533_2GB,1.5,ARM,8,64,1,4,8,64,1,16,16,64,4,2,2,LPDDR2,533,4,2000,1790
ARM_QcomSnpS4_APQ8064_LPDDR2533_3GB,1.5,ARM,8,64,1,4,8,64,1,16,16,64,4,2,3,LPDDR2,533,4,2000,1790
ARM_QcomSnpS4_APQ8064_LPDDR2533_4GB,1.5,ARM,8,64,1,4,8,64,1,16,16,64,4,2,4,LPDDR2,533,4,2000,1790
ARM_QcomSnpS4_APQ8064_LPDDR2533_6GB,1.5,ARM,8,64,1,4,8,64,1,16,16,64,4,2,6,LPDDR2,533,4,2000,1790
ARM_QcomSnpS4_APQ8064_LPDDR2533_7GB,1.5,ARM,8,64,1,4,8,64,1,16,16,64,4,2,7,LPDDR2,533,4,2000,1790
ARM_QcomSnpS4_APQ8064M_LPDDR2533_2GB,1.7,ARM,8,64,1,4,8,64,1,16,16,64,4,2,2,LPDDR2,533,4,2000,1608
ARM_QcomSnpS4_APQ8064M_LPDDR2533_3GB,1.7,ARM,8,64,1,4,8,64,1,16,16,64,4,2,3,LPDDR2,533,4,2000,1608
ARM_QcomSnpS4_APQ8064M_LPDDR2533_4GB,1.7,ARM,8,64,1,4,8,64,1,16,16,64,4,2,4,LPDDR2,533,4,2000,1608
ARM_QcomSnpS4_APQ8064M_LPDDR2533_6GB,1.7,ARM,8,64,1,4,8,64,1,16,16,64,4,2,6,LPDDR2,533,4,2000,1608
ARM_QcomSnpS4_APQ8064M_LPDDR2533_7GB,1.7,ARM,8,64,1,4,8,64,1,16,16,64,4,2,7,LPDDR2,533,4,2000,1608
ARM_QcomSnpS4_APQ8064AB_LPDDR2667_2GB,1.9,ARM,8,64,1,4,8,64,1,16,16,64,4,2,2,LPDDR2,667,4,2000,1470
ARM_QcomSnpS4_APQ8064AB_LPDDR2667_3GB,1.9,ARM,8,64,1,4,8,64,1,16,16,64,4,2,3,LPDDR2,667,4,2000,1470
ARM_QcomSnpS4_APQ8064AB_LPDDR2667_4GB,1.9,ARM,8,64,1,4,8,64,1,16,16,64,4,2,4,LPDDR2,667,4,2000,1470
ARM_QcomSnpS4_APQ8064AB_LPDDR2667_6GB,1.9,ARM,8,64,1,4,8,64,1,16,16,64,4,2,6,LPDDR2,667,4,2000,1470
ARM_QcomSnpS4_APQ8064AB_LPDDR2667_7GB,1.9,ARM,8,64,1,4,8,64,1,16,16,64,4,2,7,LPDDR2,667,4,2000,1470
ARM_QcomSnpS4_APQ8074AA_LPDDR2800_2GB,2.26,ARM,8,64,1,4,8,64,1,16,16,64,4,2,2,LPDDR2,800,4,2000,1281
ARM_QcomSnpS4_APQ8074AA_LPDDR2800_3GB,2.26,ARM,8,64,1,4,8,64,1,16,16,64,4,2,3,LPDDR2,800,4,2000,1281
ARM_QcomSnpS4_APQ8074AA_LPDDR2800_4GB,2.26,ARM,8,64,1,4,8,64,1,16,16,64,4,2,4,LPDDR2,800,4,2000,1281
ARM_QcomSnpS4_APQ8074AA_LPDDR2800_6GB,2.26,ARM,8,64,1,4,8,64,1,16,16,64,4,2,6,LPDDR2,800,4,2000,1281
ARM_QcomSnpS4_APQ8074AA_LPDDR2800_7GB,2.26,ARM,8,64,1,4,8,64,1,16,16,64,4,2,7,LPDDR2,800,4,2000,1281
ARM_QcomSnpS4_APQ8074AB_LPDDR2933_2GB,2.36,ARM,8,64,1,4,8,64,1,16,16,64,4,2,2,LPDDR2,933,4,2000,1243
ARM_QcomSnpS4_APQ8074AB_LPDDR2933_3GB,2.36,ARM,8,64,1,4,8,64,1,16,16,64,4,2,3,LPDDR2,933,4,2000,1243
ARM_QcomSnpS4_APQ8074AB_LPDDR2933_4GB,2.36,ARM,8,64,1,4,8,64,1,16,16,64,4,2,4,LPDDR2,933,4,2000,1243
ARM_QcomSnpS4_APQ8074AB_LPDDR2933_6GB,2.36,ARM,8,64,1,4,8,64,1,16,16,64,4,2,6,LPDDR2,933,4,2000,1243
ARM_QcomSnpS4_APQ8074AB_LPDDR2933_7GB,2.36,ARM,8,64,1,4,8,64,1,16,16,64,4,2,7,LPDDR2,933,4,2000,1243
ARM_QcomSnpS4_APQ8084_LPDDR2800_2GB,2.7,ARM,8,64,1,4,8,64,1,16,16,64,4,2,2,LPDDR2,800,4,2000,1120
ARM_QcomSnpS4_APQ8084_LPDDR2800_3GB,2.7,ARM,8,64,1,4,8,64,1,16,16,64,4,2,3,LPDDR2,800,4,2000,1120
ARM_QcomSnpS4_APQ8084_LPDDR2800_4GB,2.7,ARM,8,64,1,4,8,64,1,16,16,64,4,2,4,LPDDR2,800,4,2000,1120
ARM_QcomSnpS4_APQ8084_LPDDR2800_6GB,2.7,ARM,8,64,1,4,8,64,1,16,16,64,4,2,6,LPDDR2,800,4,2000,1120
ARM_QcomSnpS4_APQ8084_LPDDR2800_7GB,2.7,ARM,8,64,1,4,8,64,1,16,16,64,4,2,7,LPDDR2,800,4,2000,1120
ARM_QcomSnpS4_MSM8992_LPDDR2933_2GB,1.5,ARM,8,64,1,64,8,64,1,128,12,64,6,3,2,LPDDR2,933,6,2000,1434
ARM_QcomSnpS4_MSM8992_LPDDR2933_3GB,1.5,ARM,8,64,1,64,8,64,1,128,12,64,6,3,3,LPDDR2,933,6,2000,1434
ARM_QcomSnpS4_MSM8992_LPDDR2933_4GB,1.5,ARM,8,64,1,64,8,64,1,128,12,64,6,3,4,LPDDR2,933,6,2000,1434
ARM_QcomSnpS4_MSM8992_LPDDR2933_6GB,1.5,ARM,8,64,1,64,8,64,1,128,12,64,6,3,6,LPDDR2,933,6,2000,1434
ARM_QcomSnpS4_MSM8992_LPDDR2933_7GB,1.5,ARM,8,64,1,64,8,64,1,128,12,64,6,3,7,LPDDR2,933,6,2000,1434
ARM_QcomSnpS4_MSM8994_LPDDR31600_2GB,1.75,ARM,8,64,1,64,8,64,1,128,12,64,8,3,2,LPDDR3,1600,8,2000,1207
ARM_QcomSnpS4_MSM8994_LPDDR31600_3GB,1.75,ARM,8,64,1,64,8,64,1,128,12,64,8,3,3,LPDDR3,1600,8,2000,1207
ARM_QcomSnpS4_MSM8994_LPDDR31600_4GB,1.75,ARM,8,64,1,64,8,64,1,128,12,64,8,3,4,LPDDR3,1600,8,2000,1207
ARM_QcomSnpS4_MSM8994_LPDDR31600_6GB,1.75,ARM,8,64,1,64,8,64,1,128,12,64,8,3,6,LPDDR3,1600,8,2000,1207
ARM_QcomSnpS4_MSM8994_LPDDR31600_7GB,1.75,ARM,8,64,1,64,8,64,1,128,12,64,8,3,7,LPDDR3,1600,8,2000,1207
ARM_QcomSnpS4_MSM8996_LPDDR31866_2GB,1.75,ARM,8,64,1,4,8,64,1,16,16,64,4,2,2,LPDDR3,1866,4,2000,1507
ARM_QcomSnpS4_MSM8996_LPDDR31866_3GB,1.75,ARM,8,64,1,4,8,64,1,16,16,64,4,2,3,LPDDR3,1866,4,2000,1507
ARM_QcomSnpS4_MSM8996_LPDDR31866_4GB,1.75,ARM,8,64,1,4,8,64,1,16,16,64,4,2,4,LPDDR3,1866,4,2000,1507
ARM_QcomSnpS4_MSM8996_LPDDR31866_6GB,1.75,ARM,8,64,1,4,8,64,1,16,16,64,4,2,6,LPDDR3,1866,4,2000,1507
ARM_QcomSnpS4_MSM8996_LPDDR31866_7GB,1.75,ARM,8,64,1,4,8,64,1,16,16,64,4,2,7,LPDDR3,1866,4,2000,1507
ARM_AppleA10_APL1W24_LPDDR31600_2GB,2.34,ARM,8,64,1,64,8,64,1,1024,16,64,4,4,2,LPDDR3,1600,4,2000,876
ARM_AppleA10_APL1W24_LPDDR31600_3GB,2.34,ARM,8,64,1,64,8,64,1,1024,16,64,4,4,3,LPDDR3,1600,4,2000,876
ARM_AppleA10_APL1W24_LPDDR31600_4GB,2.34,ARM,8,64,1,64,8,64,1,1024,16,64,4,4,4,LPDDR3,1600,4,2000,876
ARM_AppleA10_APL1W24_LPDDR31600_6GB,2.34,ARM,8,64,1,64,8,64,1,1024,16,64,4,4,6,LPDDR3,1600,4,2000,876
ARM_AppleA10_APL1W24_LPDDR31600_7GB,2.34,ARM,8,64,1,64,8,64,1,1024,16,64,4,4,7,LPDDR3,1600,4,2000,876
ARM_AppleA9_APL0898_LPDDR31600_2GB,1.85,ARM,8,64,1,64,8,64,1,1024,16,64,2,4,2,LPDDR3,1600,2,2000,1050
ARM_AppleA9_APL0898_LPDDR31600_3GB,1.85,ARM,8,64,1,64,8,64,1,1024,16,64,2,4,3,LPDDR3,1600,2,2000,1050
ARM_AppleA9_APL0898_LPDDR31600_4GB,1.85,ARM,8,64,1,64,8,64,1,1024,16,64,2,4,4,LPDDR3,1600,2,2000,1050
ARM_AppleA9_APL0898_LPDDR31600_6GB,1.85,ARM,8,64,1,64,8,64,1,1024,16,64,2,4,6,LPDDR3,1600,2,2000,1050
ARM_AppleA9_APL0898_LPDDR31600_7GB,1.85,ARM,8,64,1,64,8,64,1,1024,16,64,2,4,7,LPDDR3,1600,2,2000,1050
ARM_AppleA8X_APL1012_LPDDR31600_2GB,1.5,ARM,8,64,1,64,8,64,1,1024,16,64,3,4,2,LPDDR3,1600,3,2000,1250
ARM_AppleA8X_APL1012_LPDDR31600_3GB,1.5,ARM,8,64,1,64,8,64,1,1024,16,64,3,4,3,LPDDR3,1600,3,2000,1250
ARM_AppleA8X_APL1012_LPDDR31600_4GB,1.5,ARM,8,64,1,64,8,64,1,1024,16,64,3,4,4,LPDDR3,1600,3,2000,1250
ARM_AppleA8X_APL1012_LPDDR31600_6GB,1.5,ARM,8,64,1,64,8,64,1,1024,16,64,3,4,6,LPDDR3,1600,3,2000,1250
ARM_AppleA8X_APL1012_LPDDR31600_7GB,1.5,ARM,8,64,1,64,8,64,1,1024,16,64,3,4,7,LPDDR3,1600,3,2000,1250
ARM_AppleA8_APL1011_LPDDR31600_2GB,1.1,ARM,8,64,1,64,8,64,1,1024,16,64,2,4,2,LPDDR3,1600,2,2000,1612
ARM_AppleA8_APL1011_LPDDR31600_3GB,1.1,ARM,8,64,1,64,8,64,1,1024,16,64,2,4,3,LPDDR3,1600,2,2000,1612
ARM_AppleA8_APL1011_LPDDR31600_4GB,1.1,ARM,8,64,1,64,8,64,1,1024,16,64,2,4,4,LPDDR3,1600,2,2000,1612
ARM_AppleA8_APL1011_LPDDR31600_6GB,1.1,ARM,8,64,1,64,8,64,1,1024,16,64,2,4,6,LPDDR3,1600,2,2000,1612
ARM_AppleA8_APL1011_LPDDR31600_7GB,1.1,ARM,8,64,1,64,8,64,1,1024,16,64,2,4,7,LPDDR3,1600,2,2000,1612
ARM_AppleA7_APL0698_LPDDR31600_2GB,1.3,ARM,8,64,1,64,8,64,1,512,16,64,2,4,2,LPDDR3,1600,2,2000,1399
ARM_AppleA7_APL0698_LPDDR31600_3GB,1.3,ARM,8,64,1,64,8,64,1,512,16,64,2,4,3,LPDDR3,1600,2,2000,1399
ARM_AppleA7_APL0698_LPDDR31600_4GB,1.3,ARM,8,64,1,64,8,64,1,512,16,64,2,4,4,LPDDR3,1600,2,2000,1399
ARM_AppleA7_APL0698_LPDDR31600_6GB,1.3,ARM,8,64,1,64,8,64,1,512,16,64,2,4,6,LPDDR3,1600,2,2000,1399
ARM_AppleA7_APL0698_LPDDR31600_7GB,1.3,ARM,8,64,1,64,8,64,1,512,16,64,2,4,7,LPDDR3,1600,2,2000,1399
ARM_AppleA6_APL0598_LPDDR21066_2GB,1.3,ARM,8,64,1,32,8,64,1,512,16,64,2,1,2,LPDDR2,1066,2,2000,1475
ARM_AppleA6_APL0598_LPDDR21066_3GB,1.3,ARM,8,64,1,32,8,64,1,512,16,64,2,1,3,LPDDR2,1066,2,2000,1475
ARM_AppleA6_APL0598_LPDDR21066_4GB,1.3,ARM,8,64,1,32,8,64,1,512,16,64,2,1,4,LPDDR2,1066,2,2000,1475
ARM_AppleA6_APL0598_LPDDR21066_6GB,1.3,ARM,8,64,1,32,8,64,1,512,16,64,2,1,6,LPDDR2,1066,2,2000,1475
ARM_AppleA6_APL0598_LPDDR21066_7GB,1.3,ARM,8,64,1,32,8,64,1,512,16,64,2,1,7,LPDDR2,1066,2,2000,1475
ARM_AppleA5_APL7498_LPDDR2800_2GB,1,ARM,8,64,1,32,8,64,1,1024,16,64,1,1,2,LPDDR2,800,1,2000,1828
ARM_AppleA5_APL7498_LPDDR2800_3GB,1,ARM,8,64,1,32,8,64,1,1024,16,64,1,1,3,LPDDR2,800,1,2000,1828
ARM_AppleA5_APL7498_LPDDR2800_4GB,1,ARM,8,64,1,32,8,64,1,1024,16,64,1,1,4,LPDDR2,800,1,2000,1828
ARM_AppleA5_APL7498_LPDDR2800_6GB,1,ARM,8,64,1,32,8,64,1,1024,16,64,1,1,6,LPDDR2,800,1,2000,1828
ARM_AppleA5_APL7498_LPDDR2800_7GB,1,ARM,8,64,1,32,8,64,1,1024,16,64,1,1,7,LPDDR2,800,1,2000,1828
ARM_AppleA4_APL0398_LPDDR2400_2GB,1,ARM,8,64,1,32,8,64,1,512,16,64,1,1,2,LPDDR2,400,1,2000,1828
ARM_AppleA4_APL0398_LPDDR2400_3GB,1,ARM,8,64,1,32,8,64,1,512,16,64,1,1,3,LPDDR2,400,1,2000,1828
ARM_AppleA4_APL0398_LPDDR2400_4GB,1,ARM,8,64,1,32,8,64,1,512,16,64,1,1,4,LPDDR2,400,1,2000,1828
ARM_AppleA4_APL0398_LPDDR2400_6GB,1,ARM,8,64,1,32,8,64,1,512,16,64,1,1,6,LPDDR2,400,1,2000,1828
ARM_AppleA4_APL0398_LPDDR2400_7GB,1,ARM,8,64,1,32,8,64,1,512,16,64,1,1,7,LPDDR2,400,1,2000,1828
ARM_AMDOpteronA57_A1120_DDR41866_2GB,1.7,ARM,8,64,1,32,8,64,1,1024,16,64,4,8,2,DDR4,1866,4,2000,1122
ARM_AMDOpteronA57_A1120_DDR41866_3GB,1.7,ARM,8,64,1,32,8,64,1,1024,16,64,4,8,3,DDR4,1866,4,2000,1122
ARM_AMDOpteronA57_A1120_DDR41866_4GB,1.7,ARM,8,64,1,32,8,64,1,1024,16,64,4,8,4,DDR4,1866,4,2000,1122
ARM_AMDOpteronA57_A1120_DDR41866_6GB,1.7,ARM,8,64,1,32,8,64,1,1024,16,64,4,8,6,DDR4,1866,4,2000,1122
ARM_AMDOpteronA57_A1120_DDR41866_7GB,1.7,ARM,8,64,1,32,8,64,1,1024,16,64,4,8,7,DDR4,1866,4,2000,1122
ARM_AMDOpteronA57_A1150_DDR41866_2GB,1.7,ARM,8,64,1,32,8,64,1,1024,16,64,8,8,2,DDR4,1866,8,2000,1122
ARM_AMDOpteronA57_A1150_DDR41866_3GB,1.7,ARM,8,64,1,32,8,64,1,1024,16,64,8,8,3,DDR4,1866,8,2000,1122
ARM_AMDOpteronA57_A1150_DDR41866_4GB,1.7,ARM,8,64,1,32,8,64,1,1024,16,64,8,8,4,DDR4,1866,8,2000,1122
ARM_AMDOpteronA57_A1150_DDR41866_6GB,1.7,ARM,8,64,1,32,8,64,1,1024,16,64,8,8,6,DDR4,1866,8,2000,1122
ARM_AMDOpteronA57_A1150_DDR41866_7GB,1.7,ARM,8,64,1,32,8,64,1,1024,16,64,8,8,7,DDR4,1866,8,2000,1122
ARM_AMDOpteronA57_A1170_DDR41866_2GB,2,ARM,8,64,1,32,8,64,1,1024,16,64,8,8,2,DDR4,1866,8,2000,982
ARM_AMDOpteronA57_A1170_DDR41866_3GB,2,ARM,8,64,1,32,8,64,1,1024,16,64,8,8,3,DDR4,1866,8,2000,982
ARM_AMDOpteronA57_A1170_DDR41866_4GB,2,ARM,8,64,1,32,8,64,1,1024,16,64,8,8,4,DDR4,1866,8,2000,982
ARM_AMDOpteronA57_A1170_DDR41866_6GB,2,ARM,8,64,1,32,8,64,1,1024,16,64,8,8,6,DDR4,1866,8,2000,982
ARM_AMDOpteronA57_A1170_DDR41866_7GB,2,ARM,8,64,1,32,8,64,1,1024,16,64,8,8,7,DDR4,1866,8,2000,982
ARM_QcomSnpS4_MSM8227_LPDDR2400_2GB,1,ARM,8,64,1,4,8,64,1,16,16,64,2,1,2,LPDDR2,400,2,3000,3856
ARM_QcomSnpS4_MSM8227_LPDDR2400_3GB,1,ARM,8,64,1,4,8,64,1,16,16,64,2,1,3,LPDDR2,400,2,3000,3856
ARM_QcomSnpS4_MSM8227_LPDDR2400_4GB,1,ARM,8,64,1,4,8,64,1,16,16,64,2,1,4,LPDDR2,400,2,3000,3856
ARM_QcomSnpS4_MSM8227_LPDDR2400_6GB,1,ARM,8,64,1,4,8,64,1,16,16,64,2,1,6,LPDDR2,400,2,3000,3856
ARM_QcomSnpS4_MSM8227_LPDDR2400_7GB,1,ARM,8,64,1,4,8,64,1,16,16,64,2,1,7,LPDDR2,400,2,3000,3856
ARM_QcomSnpS4_APQ8030_LPDDR2533_2GB,1.2,ARM,8,64,1,4,8,64,1,16,16,64,2,1,2,LPDDR2,533,2,3000,3276
ARM_QcomSnpS4_APQ8030_LPDDR2533_3GB,1.2,ARM,8,64,1,4,8,64,1,16,16,64,2,1,3,LPDDR2,533,2,3000,3276
ARM_QcomSnpS4_APQ8030_LPDDR2533_4GB,1.2,ARM,8,64,1,4,8,64,1,16,16,64,2,1,4,LPDDR2,533,2,3000,3276
ARM_QcomSnpS4_APQ8030_LPDDR2533_6GB,1.2,ARM,8,64,1,4,8,64,1,16,16,64,2,1,6,LPDDR2,533,2,3000,3276
ARM_QcomSnpS4_APQ8030_LPDDR2533_7GB,1.2,ARM,8,64,1,4,8,64,1,16,16,64,2,1,7,LPDDR2,533,2,3000,3276
ARM_QcomSnpS4_APQ8060A_LPDDR2533_2GB,1.5,ARM,8,64,1,4,8,64,1,16,16,64,2,1,2,LPDDR2,533,2,3000,2713
ARM_QcomSnpS4_APQ8060A_LPDDR2533_3GB,1.5,ARM,8,64,1,4,8,64,1,16,16,64,2,1,3,LPDDR2,533,2,3000,2713
ARM_QcomSnpS4_APQ8060A_LPDDR2533_4GB,1.5,ARM,8,64,1,4,8,64,1,16,16,64,2,1,4,LPDDR2,533,2,3000,2713
ARM_QcomSnpS4_APQ8060A_LPDDR2533_6GB,1.5,ARM,8,64,1,4,8,64,1,16,16,64,2,1,6,LPDDR2,533,2,3000,2713
ARM_QcomSnpS4_APQ8060A_LPDDR2533_7GB,1.5,ARM,8,64,1,4,8,64,1,16,16,64,2,1,7,LPDDR2,533,2,3000,2713
ARM_QcomSnpS4_MSM8960T_LPDDR2533_2GB,1.7,ARM,8,64,1,4,8,64,1,16,16,64,2,1,2,LPDDR2,533,2,3000,2430
ARM_QcomSnpS4_MSM8960T_LPDDR2533_3GB,1.7,ARM,8,64,1,4,8,64,1,16,16,64,2,1,3,LPDDR2,533,2,3000,2430
ARM_QcomSnpS4_MSM8960T_LPDDR2533_4GB,1.7,ARM,8,64,1,4,8,64,1,16,16,64,2,1,4,LPDDR2,533,2,3000,2430
ARM_QcomSnpS4_MSM8960T_LPDDR2533_6GB,1.7,ARM,8,64,1,4,8,64,1,16,16,64,2,1,6,LPDDR2,533,2,3000,2430
ARM_QcomSnpS4_MSM8960T_LPDDR2533_7GB,1.7,ARM,8,64,1,4,8,64,1,16,16,64,2,1,7,LPDDR2,533,2,3000,2430
ARM_QcomSnpS4_APQ8064_LPDDR2533_2GB,1.5,ARM,8,64,1,4,8,64,1,16,16,64,4,2,2,LPDDR2,533,4,3000,2713
ARM_QcomSnpS4_APQ8064_LPDDR2533_3GB,1.5,ARM,8,64,1,4,8,64,1,16,16,64,4,2,3,LPDDR2,533,4,3000,2713
ARM_QcomSnpS4_APQ8064_LPDDR2533_4GB,1.5,ARM,8,64,1,4,8,64,1,16,16,64,4,2,4,LPDDR2,533,4,3000,2713
ARM_QcomSnpS4_APQ8064_LPDDR2533_6GB,1.5,ARM,8,64,1,4,8,64,1,16,16,64,4,2,6,LPDDR2,533,4,3000,2713
ARM_QcomSnpS4_APQ8064_LPDDR2533_7GB,1.5,ARM,8,64,1,4,8,64,1,16,16,64,4,2,7,LPDDR2,533,4,3000,2713
ARM_QcomSnpS4_APQ8064M_LPDDR2533_2GB,1.7,ARM,8,64,1,4,8,64,1,16,16,64,4,2,2,LPDDR2,533,4,3000,2430
ARM_QcomSnpS4_APQ8064M_LPDDR2533_3GB,1.7,ARM,8,64,1,4,8,64,1,16,16,64,4,2,3,LPDDR2,533,4,3000,2430
ARM_QcomSnpS4_APQ8064M_LPDDR2533_4GB,1.7,ARM,8,64,1,4,8,64,1,16,16,64,4,2,4,LPDDR2,533,4,3000,2430
ARM_QcomSnpS4_APQ8064M_LPDDR2533_6GB,1.7,ARM,8,64,1,4,8,64,1,16,16,64,4,2,6,LPDDR2,533,4,3000,2430
ARM_QcomSnpS4_APQ8064M_LPDDR2533_7GB,1.7,ARM,8,64,1,4,8,64,1,16,16,64,4,2,7,LPDDR2,533,4,3000,2430
ARM_QcomSnpS4_APQ8064AB_LPDDR2667_2GB,1.9,ARM,8,64,1,4,8,64,1,16,16,64,4,2,2,LPDDR2,667,4,3000,2218
ARM_QcomSnpS4_APQ8064AB_LPDDR2667_3GB,1.9,ARM,8,64,1,4,8,64,1,16,16,64,4,2,3,LPDDR2,667,4,3000,2218
ARM_QcomSnpS4_APQ8064AB_LPDDR2667_4GB,1.9,ARM,8,64,1,4,8,64,1,16,16,64,4,2,4,LPDDR2,667,4,3000,2218
ARM_QcomSnpS4_APQ8064AB_LPDDR2667_6GB,1.9,ARM,8,64,1,4,8,64,1,16,16,64,4,2,6,LPDDR2,667,4,3000,2218
ARM_QcomSnpS4_APQ8064AB_LPDDR2667_7GB,1.9,ARM,8,64,1,4,8,64,1,16,16,64,4,2,7,LPDDR2,667,4,3000,2218
ARM_QcomSnpS4_APQ8074AA_LPDDR2800_2GB,2.26,ARM,8,64,1,4,8,64,1,16,16,64,4,2,2,LPDDR2,800,4,3000,1935
ARM_QcomSnpS4_APQ8074AA_LPDDR2800_3GB,2.26,ARM,8,64,1,4,8,64,1,16,16,64,4,2,3,LPDDR2,800,4,3000,1935
ARM_QcomSnpS4_APQ8074AA_LPDDR2800_4GB,2.26,ARM,8,64,1,4,8,64,1,16,16,64,4,2,4,LPDDR2,800,4,3000,1935
ARM_QcomSnpS4_APQ8074AA_LPDDR2800_6GB,2.26,ARM,8,64,1,4,8,64,1,16,16,64,4,2,6,LPDDR2,800,4,3000,1935
ARM_QcomSnpS4_APQ8074AA_LPDDR2800_7GB,2.26,ARM,8,64,1,4,8,64,1,16,16,64,4,2,7,LPDDR2,800,4,3000,1935
ARM_QcomSnpS4_APQ8074AB_LPDDR2933_2GB,2.36,ARM,8,64,1,4,8,64,1,16,16,64,4,2,2,LPDDR2,933,4,3000,1867
ARM_QcomSnpS4_APQ8074AB_LPDDR2933_3GB,2.36,ARM,8,64,1,4,8,64,1,16,16,64,4,2,3,LPDDR2,933,4,3000,1867
ARM_QcomSnpS4_APQ8074AB_LPDDR2933_4GB,2.36,ARM,8,64,1,4,8,64,1,16,16,64,4,2,4,LPDDR2,933,4,3000,1867
ARM_QcomSnpS4_APQ8074AB_LPDDR2933_6GB,2.36,ARM,8,64,1,4,8,64,1,16,16,64,4,2,6,LPDDR2,933,4,3000,1867
ARM_QcomSnpS4_APQ8074AB_LPDDR2933_7GB,2.36,ARM,8,64,1,4,8,64,1,16,16,64,4,2,7,LPDDR2,933,4,3000,1867
ARM_QcomSnpS4_APQ8084_LPDDR2800_2GB,2.7,ARM,8,64,1,4,8,64,1,16,16,64,4,2,2,LPDDR2,800,4,3000,1687
ARM_QcomSnpS4_APQ8084_LPDDR2800_3GB,2.7,ARM,8,64,1,4,8,64,1,16,16,64,4,2,3,LPDDR2,800,4,3000,1687
ARM_QcomSnpS4_APQ8084_LPDDR2800_4GB,2.7,ARM,8,64,1,4,8,64,1,16,16,64,4,2,4,LPDDR2,800,4,3000,1687
ARM_QcomSnpS4_APQ8084_LPDDR2800_6GB,2.7,ARM,8,64,1,4,8,64,1,16,16,64,4,2,6,LPDDR2,800,4,3000,1687
ARM_QcomSnpS4_APQ8084_LPDDR2800_7GB,2.7,ARM,8,64,1,4,8,64,1,16,16,64,4,2,7,LPDDR2,800,4,3000,1687
ARM_QcomSnpS4_MSM8992_LPDDR2933_2GB,1.5,ARM,8,64,1,64,8,64,1,128,12,64,6,3,2,LPDDR2,933,6,3000,2191
ARM_QcomSnpS4_MSM8992_LPDDR2933_3GB,1.5,ARM,8,64,1,64,8,64,1,128,12,64,6,3,3,LPDDR2,933,6,3000,2191
ARM_QcomSnpS4_MSM8992_LPDDR2933_4GB,1.5,ARM,8,64,1,64,8,64,1,128,12,64,6,3,4,LPDDR2,933,6,3000,2191
ARM_QcomSnpS4_MSM8992_LPDDR2933_6GB,1.5,ARM,8,64,1,64,8,64,1,128,12,64,6,3,6,LPDDR2,933,6,3000,2191
ARM_QcomSnpS4_MSM8992_LPDDR2933_7GB,1.5,ARM,8,64,1,64,8,64,1,128,12,64,6,3,7,LPDDR2,933,6,3000,2191
ARM_QcomSnpS4_MSM8994_LPDDR31600_2GB,1.75,ARM,8,64,1,64,8,64,1,128,12,64,8,3,2,LPDDR3,1600,8,3000,1845
ARM_QcomSnpS4_MSM8994_LPDDR31600_3GB,1.75,ARM,8,64,1,64,8,64,1,128,12,64,8,3,3,LPDDR3,1600,8,3000,1845
ARM_QcomSnpS4_MSM8994_LPDDR31600_4GB,1.75,ARM,8,64,1,64,8,64,1,128,12,64,8,3,4,LPDDR3,1600,8,3000,1845
ARM_QcomSnpS4_MSM8994_LPDDR31600_6GB,1.75,ARM,8,64,1,64,8,64,1,128,12,64,8,3,6,LPDDR3,1600,8,3000,1845
ARM_QcomSnpS4_MSM8994_LPDDR31600_7GB,1.75,ARM,8,64,1,64,8,64,1,128,12,64,8,3,7,LPDDR3,1600,8,3000,1845
ARM_QcomSnpS4_MSM8996_LPDDR31866_2GB,1.75,ARM,8,64,1,4,8,64,1,16,16,64,4,2,2,LPDDR3,1866,4,3000,2282
ARM_QcomSnpS4_MSM8996_LPDDR31866_3GB,1.75,ARM,8,64,1,4,8,64,1,16,16,64,4,2,3,LPDDR3,1866,4,3000,2282
ARM_QcomSnpS4_MSM8996_LPDDR31866_4GB,1.75,ARM,8,64,1,4,8,64,1,16,16,64,4,2,4,LPDDR3,1866,4,3000,2282
ARM_QcomSnpS4_MSM8996_LPDDR31866_6GB,1.75,ARM,8,64,1,4,8,64,1,16,16,64,4,2,6,LPDDR3,1866,4,3000,2282
ARM_QcomSnpS4_MSM8996_LPDDR31866_7GB,1.75,ARM,8,64,1,4,8,64,1,16,16,64,4,2,7,LPDDR3,1866,4,3000,2282
ARM_AppleA10_APL1W24_LPDDR31600_2GB,2.34,ARM,8,64,1,64,8,64,1,1024,16,64,4,4,2,LPDDR3,1600,4,3000,1313
ARM_AppleA10_APL1W24_LPDDR31600_3GB,2.34,ARM,8,64,1,64,8,64,1,1024,16,64,4,4,3,LPDDR3,1600,4,3000,1313
ARM_AppleA10_APL1W24_LPDDR31600_4GB,2.34,ARM,8,64,1,64,8,64,1,1024,16,64,4,4,4,LPDDR3,1600,4,3000,1313
ARM_AppleA10_APL1W24_LPDDR31600_6GB,2.34,ARM,8,64,1,64,8,64,1,1024,16,64,4,4,6,LPDDR3,1600,4,3000,1313
ARM_AppleA10_APL1W24_LPDDR31600_7GB,2.34,ARM,8,64,1,64,8,64,1,1024,16,64,4,4,7,LPDDR3,1600,4,3000,1313
ARM_AppleA9_APL0898_LPDDR31600_2GB,1.85,ARM,8,64,1,64,8,64,1,1024,16,64,2,4,2,LPDDR3,1600,2,3000,1578
ARM_AppleA9_APL0898_LPDDR31600_3GB,1.85,ARM,8,64,1,64,8,64,1,1024,16,64,2,4,3,LPDDR3,1600,2,3000,1578
ARM_AppleA9_APL0898_LPDDR31600_4GB,1.85,ARM,8,64,1,64,8,64,1,1024,16,64,2,4,4,LPDDR3,1600,2,3000,1578
ARM_AppleA9_APL0898_LPDDR31600_6GB,1.85,ARM,8,64,1,64,8,64,1,1024,16,64,2,4,6,LPDDR3,1600,2,3000,1578
ARM_AppleA9_APL0898_LPDDR31600_7GB,1.85,ARM,8,64,1,64,8,64,1,1024,16,64,2,4,7,LPDDR3,1600,2,3000,1578
ARM_AppleA8X_APL1012_LPDDR31600_2GB,1.5,ARM,8,64,1,64,8,64,1,1024,16,64,3,4,2,LPDDR3,1600,3,3000,1879
ARM_AppleA8X_APL1012_LPDDR31600_3GB,1.5,ARM,8,64,1,64,8,64,1,1024,16,64,3,4,3,LPDDR3,1600,3,3000,1879
ARM_AppleA8X_APL1012_LPDDR31600_4GB,1.5,ARM,8,64,1,64,8,64,1,1024,16,64,3,4,4,LPDDR3,1600,3,3000,1879
ARM_AppleA8X_APL1012_LPDDR31600_6GB,1.5,ARM,8,64,1,64,8,64,1,1024,16,64,3,4,6,LPDDR3,1600,3,3000,1879
ARM_AppleA8X_APL1012_LPDDR31600_7GB,1.5,ARM,8,64,1,64,8,64,1,1024,16,64,3,4,7,LPDDR3,1600,3,3000,1879
ARM_AppleA8_APL1011_LPDDR31600_2GB,1.1,ARM,8,64,1,64,8,64,1,1024,16,64,2,4,2,LPDDR3,1600,2,3000,2425
ARM_AppleA8_APL1011_LPDDR31600_3GB,1.1,ARM,8,64,1,64,8,64,1,1024,16,64,2,4,3,LPDDR3,1600,2,3000,2425
ARM_AppleA8_APL1011_LPDDR31600_4GB,1.1,ARM,8,64,1,64,8,64,1,1024,16,64,2,4,4,LPDDR3,1600,2,3000,2425
ARM_AppleA8_APL1011_LPDDR31600_6GB,1.1,ARM,8,64,1,64,8,64,1,1024,16,64,2,4,6,LPDDR3,1600,2,3000,2425
ARM_AppleA8_APL1011_LPDDR31600_7GB,1.1,ARM,8,64,1,64,8,64,1,1024,16,64,2,4,7,LPDDR3,1600,2,3000,2425
ARM_AppleA7_APL0698_LPDDR31600_2GB,1.3,ARM,8,64,1,64,8,64,1,512,16,64,2,4,2,LPDDR3,1600,2,3000,2104
ARM_AppleA7_APL0698_LPDDR31600_3GB,1.3,ARM,8,64,1,64,8,64,1,512,16,64,2,4,3,LPDDR3,1600,2,3000,2104
ARM_AppleA7_APL0698_LPDDR31600_4GB,1.3,ARM,8,64,1,64,8,64,1,512,16,64,2,4,4,LPDDR3,1600,2,3000,2104
ARM_AppleA7_APL0698_LPDDR31600_6GB,1.3,ARM,8,64,1,64,8,64,1,512,16,64,2,4,6,LPDDR3,1600,2,3000,2104
ARM_AppleA7_APL0698_LPDDR31600_7GB,1.3,ARM,8,64,1,64,8,64,1,512,16,64,2,4,7,LPDDR3,1600,2,3000,2104
ARM_AppleA6_APL0598_LPDDR21066_2GB,1.3,ARM,8,64,1,32,8,64,1,512,16,64,2,1,2,LPDDR2,1066,2,3000,2213
ARM_AppleA6_APL0598_LPDDR21066_3GB,1.3,ARM,8,64,1,32,8,64,1,512,16,64,2,1,3,LPDDR2,1066,2,3000,2213
ARM_AppleA6_APL0598_LPDDR21066_4GB,1.3,ARM,8,64,1,32,8,64,1,512,16,64,2,1,4,LPDDR2,1066,2,3000,2213
ARM_AppleA6_APL0598_LPDDR21066_6GB,1.3,ARM,8,64,1,32,8,64,1,512,16,64,2,1,6,LPDDR2,1066,2,3000,2213
ARM_AppleA6_APL0598_LPDDR21066_7GB,1.3,ARM,8,64,1,32,8,64,1,512,16,64,2,1,7,LPDDR2,1066,2,3000,2213
ARM_AppleA5_APL7498_LPDDR2800_2GB,1,ARM,8,64,1,32,8,64,1,1024,16,64,1,1,2,LPDDR2,800,1,3000,2747
ARM_AppleA5_APL7498_LPDDR2800_3GB,1,ARM,8,64,1,32,8,64,1,1024,16,64,1,1,3,LPDDR2,800,1,3000,2747
ARM_AppleA5_APL7498_LPDDR2800_4GB,1,ARM,8,64,1,32,8,64,1,1024,16,64,1,1,4,LPDDR2,800,1,3000,2747
ARM_AppleA5_APL7498_LPDDR2800_6GB,1,ARM,8,64,1,32,8,64,1,1024,16,64,1,1,6,LPDDR2,800,1,3000,2747
ARM_AppleA5_APL7498_LPDDR2800_7GB,1,ARM,8,64,1,32,8,64,1,1024,16,64,1,1,7,LPDDR2,800,1,3000,2747
ARM_AppleA4_APL0398_LPDDR2400_2GB,1,ARM,8,64,1,32,8,64,1,512,16,64,1,1,2,LPDDR2,400,1,3000,2747
ARM_AppleA4_APL0398_LPDDR2400_3GB,1,ARM,8,64,1,32,8,64,1,512,16,64,1,1,3,LPDDR2,400,1,3000,2747
ARM_AppleA4_APL0398_LPDDR2400_4GB,1,ARM,8,64,1,32,8,64,1,512,16,64,1,1,4,LPDDR2,400,1,3000,2747
ARM_AppleA4_APL0398_LPDDR2400_6GB,1,ARM,8,64,1,32,8,64,1,512,16,64,1,1,6,LPDDR2,400,1,3000,2747
ARM_AppleA4_APL0398_LPDDR2400_7GB,1,ARM,8,64,1,32,8,64,1,512,16,64,1,1,7,LPDDR2,400,1,3000,2747
ARM_AMDOpteronA57_A1120_DDR41866_2GB,1.7,ARM,8,64,1,32,8,64,1,1024,16,64,4,8,2,DDR4,1866,4,3000,1697
ARM_AMDOpteronA57_A1120_DDR41866_3GB,1.7,ARM,8,64,1,32,8,64,1,1024,16,64,4,8,3,DDR4,1866,4,3000,1697
ARM_AMDOpteronA57_A1120_DDR41866_4GB,1.7,ARM,8,64,1,32,8,64,1,1024,16,64,4,8,4,DDR4,1866,4,3000,1697
ARM_AMDOpteronA57_A1120_DDR41866_6GB,1.7,ARM,8,64,1,32,8,64,1,1024,16,64,4,8,6,DDR4,1866,4,3000,1697
ARM_AMDOpteronA57_A1120_DDR41866_7GB,1.7,ARM,8,64,1,32,8,64,1,1024,16,64,4,8,7,DDR4,1866,4,3000,1697
ARM_AMDOpteronA57_A1150_DDR41866_2GB,1.7,ARM,8,64,1,32,8,64,1,1024,16,64,8,8,2,DDR4,1866,8,3000,1697
ARM_AMDOpteronA57_A1150_DDR41866_3GB,1.7,ARM,8,64,1,32,8,64,1,1024,16,64,8,8,3,DDR4,1866,8,3000,1697
ARM_AMDOpteronA57_A1150_DDR41866_4GB,1.7,ARM,8,64,1,32,8,64,1,1024,16,64,8,8,4,DDR4,1866,8,3000,1697
ARM_AMDOpteronA57_A1150_DDR41866_6GB,1.7,ARM,8,64,1,32,8,64,1,1024,16,64,8,8,6,DDR4,1866,8,3000,1697
ARM_AMDOpteronA57_A1150_DDR41866_7GB,1.7,ARM,8,64,1,32,8,64,1,1024,16,64,8,8,7,DDR4,1866,8,3000,1697
ARM_AMDOpteronA57_A1170_DDR41866_2GB,2,ARM,8,64,1,32,8,64,1,1024,16,64,8,8,2,DDR4,1866,8,3000,1483
ARM_AMDOpteronA57_A1170_DDR41866_3GB,2,ARM,8,64,1,32,8,64,1,1024,16,64,8,8,3,DDR4,1866,8,3000,1483
ARM_AMDOpteronA57_A1170_DDR41866_4GB,2,ARM,8,64,1,32,8,64,1,1024,16,64,8,8,4,DDR4,1866,8,3000,1483
ARM_AMDOpteronA57_A1170_DDR41866_6GB,2,ARM,8,64,1,32,8,64,1,1024,16,64,8,8,6,DDR4,1866,8,3000,1483
ARM_AMDOpteronA57_A1170_DDR41866_7GB,2,ARM,8,64,1,32,8,64,1,1024,16,64,8,8,7,DDR4,1866,8,3000,1483
ARM_QcomSnpS4_MSM8227_LPDDR2400_2GB,1,ARM,8,64,1,4,8,64,1,16,16,64,2,1,2,LPDDR2,400,2,4000,5192
ARM_QcomSnpS4_MSM8227_LPDDR2400_3GB,1,ARM,8,64,1,4,8,64,1,16,16,64,2,1,3,LPDDR2,400,2,4000,5192
ARM_QcomSnpS4_MSM8227_LPDDR2400_4GB,1,ARM,8,64,1,4,8,64,1,16,16,64,2,1,4,LPDDR2,400,2,4000,5192
ARM_QcomSnpS4_MSM8227_LPDDR2400_6GB,1,ARM,8,64,1,4,8,64,1,16,16,64,2,1,6,LPDDR2,400,2,4000,5192
ARM_QcomSnpS4_MSM8227_LPDDR2400_7GB,1,ARM,8,64,1,4,8,64,1,16,16,64,2,1,7,LPDDR2,400,2,4000,5192
ARM_QcomSnpS4_APQ8030_LPDDR2533_2GB,1.2,ARM,8,64,1,4,8,64,1,16,16,64,2,1,2,LPDDR2,533,2,4000,4411
ARM_QcomSnpS4_APQ8030_LPDDR2533_3GB,1.2,ARM,8,64,1,4,8,64,1,16,16,64,2,1,3,LPDDR2,533,2,4000,4411
ARM_QcomSnpS4_APQ8030_LPDDR2533_4GB,1.2,ARM,8,64,1,4,8,64,1,16,16,64,2,1,4,LPDDR2,533,2,4000,4411
ARM_QcomSnpS4_APQ8030_LPDDR2533_6GB,1.2,ARM,8,64,1,4,8,64,1,16,16,64,2,1,6,LPDDR2,533,2,4000,4411
ARM_QcomSnpS4_APQ8030_LPDDR2533_7GB,1.2,ARM,8,64,1,4,8,64,1,16,16,64,2,1,7,LPDDR2,533,2,4000,4411
ARM_QcomSnpS4_APQ8060A_LPDDR2533_2GB,1.5,ARM,8,64,1,4,8,64,1,16,16,64,2,1,2,LPDDR2,533,2,4000,3652
ARM_QcomSnpS4_APQ8060A_LPDDR2533_3GB,1.5,ARM,8,64,1,4,8,64,1,16,16,64,2,1,3,LPDDR2,533,2,4000,3652
ARM_QcomSnpS4_APQ8060A_LPDDR2533_4GB,1.5,ARM,8,64,1,4,8,64,1,16,16,64,2,1,4,LPDDR2,533,2,4000,3652
ARM_QcomSnpS4_APQ8060A_LPDDR2533_6GB,1.5,ARM,8,64,1,4,8,64,1,16,16,64,2,1,6,LPDDR2,533,2,4000,3652
ARM_QcomSnpS4_APQ8060A_LPDDR2533_7GB,1.5,ARM,8,64,1,4,8,64,1,16,16,64,2,1,7,LPDDR2,533,2,4000,3652
ARM_QcomSnpS4_MSM8960T_LPDDR2533_2GB,1.7,ARM,8,64,1,4,8,64,1,16,16,64,2,1,2,LPDDR2,533,2,4000,3266
ARM_QcomSnpS4_MSM8960T_LPDDR2533_3GB,1.7,ARM,8,64,1,4,8,64,1,16,16,64,2,1,3,LPDDR2,533,2,4000,3266
ARM_QcomSnpS4_MSM8960T_LPDDR2533_4GB,1.7,ARM,8,64,1,4,8,64,1,16,16,64,2,1,4,LPDDR2,533,2,4000,3266
ARM_QcomSnpS4_MSM8960T_LPDDR2533_6GB,1.7,ARM,8,64,1,4,8,64,1,16,16,64,2,1,6,LPDDR2,533,2,4000,3266
ARM_QcomSnpS4_MSM8960T_LPDDR2533_7GB,1.7,ARM,8,64,1,4,8,64,1,16,16,64,2,1,7,LPDDR2,533,2,4000,3266
ARM_QcomSnpS4_APQ8064_LPDDR2533_2GB,1.5,ARM,8,64,1,4,8,64,1,16,16,64,4,2,2,LPDDR2,533,4,4000,3652
ARM_QcomSnpS4_APQ8064_LPDDR2533_3GB,1.5,ARM,8,64,1,4,8,64,1,16,16,64,4,2,3,LPDDR2,533,4,4000,3652
ARM_QcomSnpS4_APQ8064_LPDDR2533_4GB,1.5,ARM,8,64,1,4,8,64,1,16,16,64,4,2,4,LPDDR2,533,4,4000,3652
ARM_QcomSnpS4_APQ8064_LPDDR2533_6GB,1.5,ARM,8,64,1,4,8,64,1,16,16,64,4,2,6,LPDDR2,533,4,4000,3652
ARM_QcomSnpS4_APQ8064_LPDDR2533_7GB,1.5,ARM,8,64,1,4,8,64,1,16,16,64,4,2,7,LPDDR2,533,4,4000,3652
ARM_QcomSnpS4_APQ8064M_LPDDR2533_2GB,1.7,ARM,8,64,1,4,8,64,1,16,16,64,4,2,2,LPDDR2,533,4,4000,3266
ARM_QcomSnpS4_APQ8064M_LPDDR2533_3GB,1.7,ARM,8,64,1,4,8,64,1,16,16,64,4,2,3,LPDDR2,533,4,4000,3266
ARM_QcomSnpS4_APQ8064M_LPDDR2533_4GB,1.7,ARM,8,64,1,4,8,64,1,16,16,64,4,2,4,LPDDR2,533,4,4000,3266
ARM_QcomSnpS4_APQ8064M_LPDDR2533_6GB,1.7,ARM,8,64,1,4,8,64,1,16,16,64,4,2,6,LPDDR2,533,4,4000,3266
ARM_QcomSnpS4_APQ8064M_LPDDR2533_7GB,1.7,ARM,8,64,1,4,8,64,1,16,16,64,4,2,7,LPDDR2,533,4,4000,3266
ARM_QcomSnpS4_APQ8064AB_LPDDR2667_2GB,1.9,ARM,8,64,1,4,8,64,1,16,16,64,4,2,2,LPDDR2,667,4,4000,2982
ARM_QcomSnpS4_APQ8064AB_LPDDR2667_3GB,1.9,ARM,8,64,1,4,8,64,1,16,16,64,4,2,3,LPDDR2,667,4,4000,2982
ARM_QcomSnpS4_APQ8064AB_LPDDR2667_4GB,1.9,ARM,8,64,1,4,8,64,1,16,16,64,4,2,4,LPDDR2,667,4,4000,2982
ARM_QcomSnpS4_APQ8064AB_LPDDR2667_6GB,1.9,ARM,8,64,1,4,8,64,1,16,16,64,4,2,6,LPDDR2,667,4,4000,2982
ARM_QcomSnpS4_APQ8064AB_LPDDR2667_7GB,1.9,ARM,8,64,1,4,8,64,1,16,16,64,4,2,7,LPDDR2,667,4,4000,2982
ARM_QcomSnpS4_APQ8074AA_LPDDR2800_2GB,2.26,ARM,8,64,1,4,8,64,1,16,16,64,4,2,2,LPDDR2,800,4,4000,2599
ARM_QcomSnpS4_APQ8074AA_LPDDR2800_3GB,2.26,ARM,8,64,1,4,8,64,1,16,16,64,4,2,3,LPDDR2,800,4,4000,2599
ARM_QcomSnpS4_APQ8074AA_LPDDR2800_4GB,2.26,ARM,8,64,1,4,8,64,1,16,16,64,4,2,4,LPDDR2,800,4,4000,2599
ARM_QcomSnpS4_APQ8074AA_LPDDR2800_6GB,2.26,ARM,8,64,1,4,8,64,1,16,16,64,4,2,6,LPDDR2,800,4,4000,2599
ARM_QcomSnpS4_APQ8074AA_LPDDR2800_7GB,2.26,ARM,8,64,1,4,8,64,1,16,16,64,4,2,7,LPDDR2,800,4,4000,2599
ARM_QcomSnpS4_APQ8074AB_LPDDR2933_2GB,2.36,ARM,8,64,1,4,8,64,1,16,16,64,4,2,2,LPDDR2,933,4,4000,2502
ARM_QcomSnpS4_APQ8074AB_LPDDR2933_3GB,2.36,ARM,8,64,1,4,8,64,1,16,16,64,4,2,3,LPDDR2,933,4,4000,2502
ARM_QcomSnpS4_APQ8074AB_LPDDR2933_4GB,2.36,ARM,8,64,1,4,8,64,1,16,16,64,4,2,4,LPDDR2,933,4,4000,2502
ARM_QcomSnpS4_APQ8074AB_LPDDR2933_6GB,2.36,ARM,8,64,1,4,8,64,1,16,16,64,4,2,6,LPDDR2,933,4,4000,2502
ARM_QcomSnpS4_APQ8074AB_LPDDR2933_7GB,2.36,ARM,8,64,1,4,8,64,1,16,16,64,4,2,7,LPDDR2,933,4,4000,2502
ARM_QcomSnpS4_APQ8084_LPDDR2800_2GB,2.7,ARM,8,64,1,4,8,64,1,16,16,64,4,2,2,LPDDR2,800,4,4000,2265
ARM_QcomSnpS4_APQ8084_LPDDR2800_3GB,2.7,ARM,8,64,1,4,8,64,1,16,16,64,4,2,3,LPDDR2,800,4,4000,2265
ARM_QcomSnpS4_APQ8084_LPDDR2800_4GB,2.7,ARM,8,64,1,4,8,64,1,16,16,64,4,2,4,LPDDR2,800,4,4000,2265
ARM_QcomSnpS4_APQ8084_LPDDR2800_6GB,2.7,ARM,8,64,1,4,8,64,1,16,16,64,4,2,6,LPDDR2,800,4,4000,2265
ARM_QcomSnpS4_APQ8084_LPDDR2800_7GB,2.7,ARM,8,64,1,4,8,64,1,16,16,64,4,2,7,LPDDR2,800,4,4000,2265
ARM_QcomSnpS4_MSM8992_LPDDR2933_2GB,1.5,ARM,8,64,1,64,8,64,1,128,12,64,6,3,2,LPDDR2,933,6,4000,2960
ARM_QcomSnpS4_MSM8992_LPDDR2933_3GB,1.5,ARM,8,64,1,64,8,64,1,128,12,64,6,3,3,LPDDR2,933,6,4000,2960
ARM_QcomSnpS4_MSM8992_LPDDR2933_4GB,1.5,ARM,8,64,1,64,8,64,1,128,12,64,6,3,4,LPDDR2,933,6,4000,2960
ARM_QcomSnpS4_MSM8992_LPDDR2933_6GB,1.5,ARM,8,64,1,64,8,64,1,128,12,64,6,3,6,LPDDR2,933,6,4000,2960
ARM_QcomSnpS4_MSM8992_LPDDR2933_7GB,1.5,ARM,8,64,1,64,8,64,1,128,12,64,6,3,7,LPDDR2,933,6,4000,2960
ARM_QcomSnpS4_MSM8994_LPDDR31600_2GB,1.75,ARM,8,64,1,64,8,64,1,128,12,64,8,3,2,LPDDR3,1600,8,4000,2498
ARM_QcomSnpS4_MSM8994_LPDDR31600_3GB,1.75,ARM,8,64,1,64,8,64,1,128,12,64,8,3,3,LPDDR3,1600,8,4000,2498
ARM_QcomSnpS4_MSM8994_LPDDR31600_4GB,1.75,ARM,8,64,1,64,8,64,1,128,12,64,8,3,4,LPDDR3,1600,8,4000,2498
ARM_QcomSnpS4_MSM8994_LPDDR31600_6GB,1.75,ARM,8,64,1,64,8,64,1,128,12,64,8,3,6,LPDDR3,1600,8,4000,2498
ARM_QcomSnpS4_MSM8994_LPDDR31600_7GB,1.75,ARM,8,64,1,64,8,64,1,128,12,64,8,3,7,LPDDR3,1600,8,4000,2498
ARM_QcomSnpS4_MSM8996_LPDDR31866_2GB,1.75,ARM,8,64,1,4,8,64,1,16,16,64,4,2,2,LPDDR3,1866,4,4000,3072
ARM_QcomSnpS4_MSM8996_LPDDR31866_3GB,1.75,ARM,8,64,1,4,8,64,1,16,16,64,4,2,3,LPDDR3,1866,4,4000,3072
ARM_QcomSnpS4_MSM8996_LPDDR31866_4GB,1.75,ARM,8,64,1,4,8,64,1,16,16,64,4,2,4,LPDDR3,1866,4,4000,3072
ARM_QcomSnpS4_MSM8996_LPDDR31866_6GB,1.75,ARM,8,64,1,4,8,64,1,16,16,64,4,2,6,LPDDR3,1866,4,4000,3072
ARM_QcomSnpS4_MSM8996_LPDDR31866_7GB,1.75,ARM,8,64,1,4,8,64,1,16,16,64,4,2,7,LPDDR3,1866,4,4000,3072
ARM_AppleA10_APL1W24_LPDDR31600_2GB,2.34,ARM,8,64,1,64,8,64,1,1024,16,64,4,4,2,LPDDR3,1600,4,4000,1758
ARM_AppleA10_APL1W24_LPDDR31600_3GB,2.34,ARM,8,64,1,64,8,64,1,1024,16,64,4,4,3,LPDDR3,1600,4,4000,1758
ARM_AppleA10_APL1W24_LPDDR31600_4GB,2.34,ARM,8,64,1,64,8,64,1,1024,16,64,4,4,4,LPDDR3,1600,4,4000,1758
ARM_AppleA10_APL1W24_LPDDR31600_6GB,2.34,ARM,8,64,1,64,8,64,1,1024,16,64,4,4,6,LPDDR3,1600,4,4000,1758
ARM_AppleA10_APL1W24_LPDDR31600_7GB,2.34,ARM,8,64,1,64,8,64,1,1024,16,64,4,4,7,LPDDR3,1600,4,4000,1758
ARM_AppleA9_APL0898_LPDDR31600_2GB,1.85,ARM,8,64,1,64,8,64,1,1024,16,64,2,4,2,LPDDR3,1600,2,4000,2108
ARM_AppleA9_APL0898_LPDDR31600_3GB,1.85,ARM,8,64,1,64,8,64,1,1024,16,64,2,4,3,LPDDR3,1600,2,4000,2108
ARM_AppleA9_APL0898_LPDDR31600_4GB,1.85,ARM,8,64,1,64,8,64,1,1024,16,64,2,4,4,LPDDR3,1600,2,4000,2108
ARM_AppleA9_APL0898_LPDDR31600_6GB,1.85,ARM,8,64,1,64,8,64,1,1024,16,64,2,4,6,LPDDR3,1600,2,4000,2108
ARM_AppleA9_APL0898_LPDDR31600_7GB,1.85,ARM,8,64,1,64,8,64,1,1024,16,64,2,4,7,LPDDR3,1600,2,4000,2108
ARM_AppleA8X_APL1012_LPDDR31600_2GB,1.5,ARM,8,64,1,64,8,64,1,1024,16,64,3,4,2,LPDDR3,1600,3,4000,2523
ARM_AppleA8X_APL1012_LPDDR31600_3GB,1.5,ARM,8,64,1,64,8,64,1,1024,16,64,3,4,3,LPDDR3,1600,3,4000,2523
ARM_AppleA8X_APL1012_LPDDR31600_4GB,1.5,ARM,8,64,1,64,8,64,1,1024,16,64,3,4,4,LPDDR3,1600,3,4000,2523
ARM_AppleA8X_APL1012_LPDDR31600_6GB,1.5,ARM,8,64,1,64,8,64,1,1024,16,64,3,4,6,LPDDR3,1600,3,4000,2523
ARM_AppleA8X_APL1012_LPDDR31600_7GB,1.5,ARM,8,64,1,64,8,64,1,1024,16,64,3,4,7,LPDDR3,1600,3,4000,2523
ARM_AppleA8_APL1011_LPDDR31600_2GB,1.1,ARM,8,64,1,64,8,64,1,1024,16,64,2,4,2,LPDDR3,1600,2,4000,3252
ARM_AppleA8_APL1011_LPDDR31600_3GB,1.1,ARM,8,64,1,64,8,64,1,1024,16,64,2,4,3,LPDDR3,1600,2,4000,3252
ARM_AppleA8_APL1011_LPDDR31600_4GB,1.1,ARM,8,64,1,64,8,64,1,1024,16,64,2,4,4,LPDDR3,1600,2,4000,3252
ARM_AppleA8_APL1011_LPDDR31600_6GB,1.1,ARM,8,64,1,64,8,64,1,1024,16,64,2,4,6,LPDDR3,1600,2,4000,3252
ARM_AppleA8_APL1011_LPDDR31600_7GB,1.1,ARM,8,64,1,64,8,64,1,1024,16,64,2,4,7,LPDDR3,1600,2,4000,3252
ARM_AppleA7_APL0698_LPDDR31600_2GB,1.3,ARM,8,64,1,64,8,64,1,512,16,64,2,4,2,LPDDR3,1600,2,4000,2923
ARM_AppleA7_APL0698_LPDDR31600_3GB,1.3,ARM,8,64,1,64,8,64,1,512,16,64,2,4,3,LPDDR3,1600,2,4000,2923
ARM_AppleA7_APL0698_LPDDR31600_4GB,1.3,ARM,8,64,1,64,8,64,1,512,16,64,2,4,4,LPDDR3,1600,2,4000,2923
ARM_AppleA7_APL0698_LPDDR31600_6GB,1.3,ARM,8,64,1,64,8,64,1,512,16,64,2,4,6,LPDDR3,1600,2,4000,2923
ARM_AppleA7_APL0698_LPDDR31600_7GB,1.3,ARM,8,64,1,64,8,64,1,512,16,64,2,4,7,LPDDR3,1600,2,4000,2923
ARM_AppleA6_APL0598_LPDDR21066_2GB,1.3,ARM,8,64,1,32,8,64,1,512,16,64,2,1,2,LPDDR2,1066,2,4000,3063
ARM_AppleA6_APL0598_LPDDR21066_3GB,1.3,ARM,8,64,1,32,8,64,1,512,16,64,2,1,3,LPDDR2,1066,2,4000,3063
ARM_AppleA6_APL0598_LPDDR21066_4GB,1.3,ARM,8,64,1,32,8,64,1,512,16,64,2,1,4,LPDDR2,1066,2,4000,3063
ARM_AppleA6_APL0598_LPDDR21066_6GB,1.3,ARM,8,64,1,32,8,64,1,512,16,64,2,1,6,LPDDR2,1066,2,4000,3063
ARM_AppleA6_APL0598_LPDDR21066_7GB,1.3,ARM,8,64,1,32,8,64,1,512,16,64,2,1,7,LPDDR2,1066,2,4000,3063
ARM_AppleA5_APL7498_LPDDR2800_2GB,1,ARM,8,64,1,32,8,64,1,1024,16,64,1,1,2,LPDDR2,800,1,4000,3689
ARM_AppleA5_APL7498_LPDDR2800_3GB,1,ARM,8,64,1,32,8,64,1,1024,16,64,1,1,3,LPDDR2,800,1,4000,3689
ARM_AppleA5_APL7498_LPDDR2800_4GB,1,ARM,8,64,1,32,8,64,1,1024,16,64,1,1,4,LPDDR2,800,1,4000,3689
ARM_AppleA5_APL7498_LPDDR2800_6GB,1,ARM,8,64,1,32,8,64,1,1024,16,64,1,1,6,LPDDR2,800,1,4000,3689
ARM_AppleA5_APL7498_LPDDR2800_7GB,1,ARM,8,64,1,32,8,64,1,1024,16,64,1,1,7,LPDDR2,800,1,4000,3689
ARM_AppleA4_APL0398_LPDDR2400_2GB,1,ARM,8,64,1,32,8,64,1,512,16,64,1,1,2,LPDDR2,400,1,4000,3816
ARM_AppleA4_APL0398_LPDDR2400_3GB,1,ARM,8,64,1,32,8,64,1,512,16,64,1,1,3,LPDDR2,400,1,4000,3816
ARM_AppleA4_APL0398_LPDDR2400_4GB,1,ARM,8,64,1,32,8,64,1,512,16,64,1,1,4,LPDDR2,400,1,4000,3816
ARM_AppleA4_APL0398_LPDDR2400_6GB,1,ARM,8,64,1,32,8,64,1,512,16,64,1,1,6,LPDDR2,400,1,4000,3816
ARM_AppleA4_APL0398_LPDDR2400_7GB,1,ARM,8,64,1,32,8,64,1,512,16,64,1,1,7,LPDDR2,400,1,4000,3816
ARM_AMDOpteronA57_A1120_DDR41866_2GB,1.7,ARM,8,64,1,32,8,64,1,1024,16,64,4,8,2,DDR4,1866,4,4000,2287
ARM_AMDOpteronA57_A1120_DDR41866_3GB,1.7,ARM,8,64,1,32,8,64,1,1024,16,64,4,8,3,DDR4,1866,4,4000,2287
ARM_AMDOpteronA57_A1120_DDR41866_4GB,1.7,ARM,8,64,1,32,8,64,1,1024,16,64,4,8,4,DDR4,1866,4,4000,2287
ARM_AMDOpteronA57_A1120_DDR41866_6GB,1.7,ARM,8,64,1,32,8,64,1,1024,16,64,4,8,6,DDR4,1866,4,4000,2287
ARM_AMDOpteronA57_A1120_DDR41866_7GB,1.7,ARM,8,64,1,32,8,64,1,1024,16,64,4,8,7,DDR4,1866,4,4000,2287
ARM_AMDOpteronA57_A1150_DDR41866_2GB,1.7,ARM,8,64,1,32,8,64,1,1024,16,64,8,8,2,DDR4,1866,8,4000,2287
ARM_AMDOpteronA57_A1150_DDR41866_3GB,1.7,ARM,8,64,1,32,8,64,1,1024,16,64,8,8,3,DDR4,1866,8,4000,2287
ARM_AMDOpteronA57_A1150_DDR41866_4GB,1.7,ARM,8,64,1,32,8,64,1,1024,16,64,8,8,4,DDR4,1866,8,4000,2287
ARM_AMDOpteronA57_A1150_DDR41866_6GB,1.7,ARM,8,64,1,32,8,64,1,1024,16,64,8,8,6,DDR4,1866,8,4000,2287
ARM_AMDOpteronA57_A1150_DDR41866_7GB,1.7,ARM,8,64,1,32,8,64,1,1024,16,64,8,8,7,DDR4,1866,8,4000,2287
ARM_AMDOpteronA57_A1170_DDR41866_2GB,2,ARM,8,64,1,32,8,64,1,1024,16,64,8,8,2,DDR4,1866,8,4000,1996
ARM_AMDOpteronA57_A1170_DDR41866_3GB,2,ARM,8,64,1,32,8,64,1,1024,16,64,8,8,3,DDR4,1866,8,4000,1996
ARM_AMDOpteronA57_A1170_DDR41866_4GB,2,ARM,8,64,1,32,8,64,1,1024,16,64,8,8,4,DDR4,1866,8,4000,1996
ARM_AMDOpteronA57_A1170_DDR41866_6GB,2,ARM,8,64,1,32,8,64,1,1024,16,64,8,8,6,DDR4,1866,8,4000,1996
ARM_AMDOpteronA57_A1170_DDR41866_7GB,2,ARM,8,64,1,32,8,64,1,1024,16,64,8,8,7,DDR4,1866,8,4000,1996
ARM_QcomSnpS4_MSM8227_LPDDR2400_2GB,1,ARM,8,64,1,4,8,64,1,16,16,64,2,1,2,LPDDR2,400,2,5000,6587
ARM_QcomSnpS4_MSM8227_LPDDR2400_3GB,1,ARM,8,64,1,4,8,64,1,16,16,64,2,1,3,LPDDR2,400,2,5000,6587
ARM_QcomSnpS4_MSM8227_LPDDR2400_4GB,1,ARM,8,64,1,4,8,64,1,16,16,64,2,1,4,LPDDR2,400,2,5000,6587
ARM_QcomSnpS4_MSM8227_LPDDR2400_6GB,1,ARM,8,64,1,4,8,64,1,16,16,64,2,1,6,LPDDR2,400,2,5000,6587
ARM_QcomSnpS4_MSM8227_LPDDR2400_7GB,1,ARM,8,64,1,4,8,64,1,16,16,64,2,1,7,LPDDR2,400,2,5000,6587
ARM_QcomSnpS4_APQ8030_LPDDR2533_2GB,1.2,ARM,8,64,1,4,8,64,1,16,16,64,2,1,2,LPDDR2,533,2,5000,5589
ARM_QcomSnpS4_APQ8030_LPDDR2533_3GB,1.2,ARM,8,64,1,4,8,64,1,16,16,64,2,1,3,LPDDR2,533,2,5000,5589
ARM_QcomSnpS4_APQ8030_LPDDR2533_4GB,1.2,ARM,8,64,1,4,8,64,1,16,16,64,2,1,4,LPDDR2,533,2,5000,5589
ARM_QcomSnpS4_APQ8030_LPDDR2533_6GB,1.2,ARM,8,64,1,4,8,64,1,16,16,64,2,1,6,LPDDR2,533,2,5000,5589
ARM_QcomSnpS4_APQ8030_LPDDR2533_7GB,1.2,ARM,8,64,1,4,8,64,1,16,16,64,2,1,7,LPDDR2,533,2,5000,5589
ARM_QcomSnpS4_APQ8060A_LPDDR2533_2GB,1.5,ARM,8,64,1,4,8,64,1,16,16,64,2,1,2,LPDDR2,533,2,5000,4623
ARM_QcomSnpS4_APQ8060A_LPDDR2533_3GB,1.5,ARM,8,64,1,4,8,64,1,16,16,64,2,1,3,LPDDR2,533,2,5000,4623
ARM_QcomSnpS4_APQ8060A_LPDDR2533_4GB,1.5,ARM,8,64,1,4,8,64,1,16,16,64,2,1,4,LPDDR2,533,2,5000,4623
ARM_QcomSnpS4_APQ8060A_LPDDR2533_6GB,1.5,ARM,8,64,1,4,8,64,1,16,16,64,2,1,6,LPDDR2,533,2,5000,4623
ARM_QcomSnpS4_APQ8060A_LPDDR2533_7GB,1.5,ARM,8,64,1,4,8,64,1,16,16,64,2,1,7,LPDDR2,533,2,5000,4623
ARM_QcomSnpS4_MSM8960T_LPDDR2533_2GB,1.7,ARM,8,64,1,4,8,64,1,16,16,64,2,1,2,LPDDR2,533,2,5000,4132
ARM_QcomSnpS4_MSM8960T_LPDDR2533_3GB,1.7,ARM,8,64,1,4,8,64,1,16,16,64,2,1,3,LPDDR2,533,2,5000,4132
ARM_QcomSnpS4_MSM8960T_LPDDR2533_4GB,1.7,ARM,8,64,1,4,8,64,1,16,16,64,2,1,4,LPDDR2,533,2,5000,4132
ARM_QcomSnpS4_MSM8960T_LPDDR2533_6GB,1.7,ARM,8,64,1,4,8,64,1,16,16,64,2,1,6,LPDDR2,533,2,5000,4132
ARM_QcomSnpS4_MSM8960T_LPDDR2533_7GB,1.7,ARM,8,64,1,4,8,64,1,16,16,64,2,1,7,LPDDR2,533,2,5000,4132
ARM_QcomSnpS4_APQ8064_LPDDR2533_2GB,1.5,ARM,8,64,1,4,8,64,1,16,16,64,4,2,2,LPDDR2,533,4,5000,4623
ARM_QcomSnpS4_APQ8064_LPDDR2533_3GB,1.5,ARM,8,64,1,4,8,64,1,16,16,64,4,2,3,LPDDR2,533,4,5000,4623
ARM_QcomSnpS4_APQ8064_LPDDR2533_4GB,1.5,ARM,8,64,1,4,8,64,1,16,16,64,4,2,4,LPDDR2,533,4,5000,4623
ARM_QcomSnpS4_APQ8064_LPDDR2533_6GB,1.5,ARM,8,64,1,4,8,64,1,16,16,64,4,2,6,LPDDR2,533,4,5000,4623
ARM_QcomSnpS4_APQ8064_LPDDR2533_7GB,1.5,ARM,8,64,1,4,8,64,1,16,16,64,4,2,7,LPDDR2,533,4,5000,4623
ARM_QcomSnpS4_APQ8064M_LPDDR2533_2GB,1.7,ARM,8,64,1,4,8,64,1,16,16,64,4,2,2,LPDDR2,533,4,5000,4132
ARM_QcomSnpS4_APQ8064M_LPDDR2533_3GB,1.7,ARM,8,64,1,4,8,64,1,16,16,64,4,2,3,LPDDR2,533,4,5000,4132
ARM_QcomSnpS4_APQ8064M_LPDDR2533_4GB,1.7,ARM,8,64,1,4,8,64,1,16,16,64,4,2,4,LPDDR2,533,4,5000,4132
ARM_QcomSnpS4_APQ8064M_LPDDR2533_6GB,1.7,ARM,8,64,1,4,8,64,1,16,16,64,4,2,6,LPDDR2,533,4,5000,4132
ARM_QcomSnpS4_APQ8064M_LPDDR2533_7GB,1.7,ARM,8,64,1,4,8,64,1,16,16,64,4,2,7,LPDDR2,533,4,5000,4132
ARM_QcomSnpS4_APQ8064AB_LPDDR2667_2GB,1.9,ARM,8,64,1,4,8,64,1,16,16,64,4,2,2,LPDDR2,667,4,5000,3772
ARM_QcomSnpS4_APQ8064AB_LPDDR2667_3GB,1.9,ARM,8,64,1,4,8,64,1,16,16,64,4,2,3,LPDDR2,667,4,5000,3772
ARM_QcomSnpS4_APQ8064AB_LPDDR2667_4GB,1.9,ARM,8,64,1,4,8,64,1,16,16,64,4,2,4,LPDDR2,667,4,5000,3772
ARM_QcomSnpS4_APQ8064AB_LPDDR2667_6GB,1.9,ARM,8,64,1,4,8,64,1,16,16,64,4,2,6,LPDDR2,667,4,5000,3772
ARM_QcomSnpS4_APQ8064AB_LPDDR2667_7GB,1.9,ARM,8,64,1,4,8,64,1,16,16,64,4,2,7,LPDDR2,667,4,5000,3772
ARM_QcomSnpS4_APQ8074AA_LPDDR2800_2GB,2.26,ARM,8,64,1,4,8,64,1,16,16,64,4,2,2,LPDDR2,800,4,5000,3287
ARM_QcomSnpS4_APQ8074AA_LPDDR2800_3GB,2.26,ARM,8,64,1,4,8,64,1,16,16,64,4,2,3,LPDDR2,800,4,5000,3287
ARM_QcomSnpS4_APQ8074AA_LPDDR2800_4GB,2.26,ARM,8,64,1,4,8,64,1,16,16,64,4,2,4,LPDDR2,800,4,5000,3287
ARM_QcomSnpS4_APQ8074AA_LPDDR2800_6GB,2.26,ARM,8,64,1,4,8,64,1,16,16,64,4,2,6,LPDDR2,800,4,5000,3287
ARM_QcomSnpS4_APQ8074AA_LPDDR2800_7GB,2.26,ARM,8,64,1,4,8,64,1,16,16,64,4,2,7,LPDDR2,800,4,5000,3287
ARM_QcomSnpS4_APQ8074AB_LPDDR2933_2GB,2.36,ARM,8,64,1,4,8,64,1,16,16,64,4,2,2,LPDDR2,933,4,5000,3159
ARM_QcomSnpS4_APQ8074AB_LPDDR2933_3GB,2.36,ARM,8,64,1,4,8,64,1,16,16,64,4,2,3,LPDDR2,933,4,5000,3159
ARM_QcomSnpS4_APQ8074AB_LPDDR2933_4GB,2.36,ARM,8,64,1,4,8,64,1,16,16,64,4,2,4,LPDDR2,933,4,5000,3159
ARM_QcomSnpS4_APQ8074AB_LPDDR2933_6GB,2.36,ARM,8,64,1,4,8,64,1,16,16,64,4,2,6,LPDDR2,933,4,5000,3159
ARM_QcomSnpS4_APQ8074AB_LPDDR2933_7GB,2.36,ARM,8,64,1,4,8,64,1,16,16,64,4,2,7,LPDDR2,933,4,5000,3159
ARM_QcomSnpS4_APQ8084_LPDDR2800_2GB,2.7,ARM,8,64,1,4,8,64,1,16,16,64,4,2,2,LPDDR2,800,4,5000,2861
ARM_QcomSnpS4_APQ8084_LPDDR2800_3GB,2.7,ARM,8,64,1,4,8,64,1,16,16,64,4,2,3,LPDDR2,800,4,5000,2861
ARM_QcomSnpS4_APQ8084_LPDDR2800_4GB,2.7,ARM,8,64,1,4,8,64,1,16,16,64,4,2,4,LPDDR2,800,4,5000,2861
ARM_QcomSnpS4_APQ8084_LPDDR2800_6GB,2.7,ARM,8,64,1,4,8,64,1,16,16,64,4,2,6,LPDDR2,800,4,5000,2861
ARM_QcomSnpS4_APQ8084_LPDDR2800_7GB,2.7,ARM,8,64,1,4,8,64,1,16,16,64,4,2,7,LPDDR2,800,4,5000,2861
ARM_QcomSnpS4_MSM8992_LPDDR2933_2GB,1.5,ARM,8,64,1,64,8,64,1,128,12,64,6,3,2,LPDDR2,933,6,5000,3772
ARM_QcomSnpS4_MSM8992_LPDDR2933_3GB,1.5,ARM,8,64,1,64,8,64,1,128,12,64,6,3,3,LPDDR2,933,6,5000,3772
ARM_QcomSnpS4_MSM8992_LPDDR2933_4GB,1.5,ARM,8,64,1,64,8,64,1,128,12,64,6,3,4,LPDDR2,933,6,5000,3772
ARM_QcomSnpS4_MSM8992_LPDDR2933_6GB,1.5,ARM,8,64,1,64,8,64,1,128,12,64,6,3,6,LPDDR2,933,6,5000,3772
ARM_QcomSnpS4_MSM8992_LPDDR2933_7GB,1.5,ARM,8,64,1,64,8,64,1,128,12,64,6,3,7,LPDDR2,933,6,5000,3772
ARM_QcomSnpS4_MSM8994_LPDDR31600_2GB,1.75,ARM,8,64,1,64,8,64,1,128,12,64,8,3,2,LPDDR3,1600,8,5000,3199
ARM_QcomSnpS4_MSM8994_LPDDR31600_3GB,1.75,ARM,8,64,1,64,8,64,1,128,12,64,8,3,3,LPDDR3,1600,8,5000,3199
ARM_QcomSnpS4_MSM8994_LPDDR31600_4GB,1.75,ARM,8,64,1,64,8,64,1,128,12,64,8,3,4,LPDDR3,1600,8,5000,3199
ARM_QcomSnpS4_MSM8994_LPDDR31600_6GB,1.75,ARM,8,64,1,64,8,64,1,128,12,64,8,3,6,LPDDR3,1600,8,5000,3199
ARM_QcomSnpS4_MSM8994_LPDDR31600_7GB,1.75,ARM,8,64,1,64,8,64,1,128,12,64,8,3,7,LPDDR3,1600,8,5000,3199
ARM_QcomSnpS4_MSM8996_LPDDR31866_2GB,1.75,ARM,8,64,1,4,8,64,1,16,16,64,4,2,2,LPDDR3,1866,4,5000,3893
ARM_QcomSnpS4_MSM8996_LPDDR31866_3GB,1.75,ARM,8,64,1,4,8,64,1,16,16,64,4,2,3,LPDDR3,1866,4,5000,3893
ARM_QcomSnpS4_MSM8996_LPDDR31866_4GB,1.75,ARM,8,64,1,4,8,64,1,16,16,64,4,2,4,LPDDR3,1866,4,5000,3893
ARM_QcomSnpS4_MSM8996_LPDDR31866_6GB,1.75,ARM,8,64,1,4,8,64,1,16,16,64,4,2,6,LPDDR3,1866,4,5000,3893
ARM_QcomSnpS4_MSM8996_LPDDR31866_7GB,1.75,ARM,8,64,1,4,8,64,1,16,16,64,4,2,7,LPDDR3,1866,4,5000,3893
ARM_AppleA10_APL1W24_LPDDR31600_2GB,2.34,ARM,8,64,1,64,8,64,1,1024,16,64,4,4,2,LPDDR3,1600,4,5000,2229
ARM_AppleA10_APL1W24_LPDDR31600_3GB,2.34,ARM,8,64,1,64,8,64,1,1024,16,64,4,4,3,LPDDR3,1600,4,5000,2229
ARM_AppleA10_APL1W24_LPDDR31600_4GB,2.34,ARM,8,64,1,64,8,64,1,1024,16,64,4,4,4,LPDDR3,1600,4,5000,2229
ARM_AppleA10_APL1W24_LPDDR31600_6GB,2.34,ARM,8,64,1,64,8,64,1,1024,16,64,4,4,6,LPDDR3,1600,4,5000,2229
ARM_AppleA10_APL1W24_LPDDR31600_7GB,2.34,ARM,8,64,1,64,8,64,1,1024,16,64,4,4,7,LPDDR3,1600,4,5000,2229
ARM_AppleA9_APL0898_LPDDR31600_2GB,1.85,ARM,8,64,1,64,8,64,1,1024,16,64,2,4,2,LPDDR3,1600,2,5000,2669
ARM_AppleA9_APL0898_LPDDR31600_3GB,1.85,ARM,8,64,1,64,8,64,1,1024,16,64,2,4,3,LPDDR3,1600,2,5000,2669
ARM_AppleA9_APL0898_LPDDR31600_4GB,1.85,ARM,8,64,1,64,8,64,1,1024,16,64,2,4,4,LPDDR3,1600,2,5000,2669
ARM_AppleA9_APL0898_LPDDR31600_6GB,1.85,ARM,8,64,1,64,8,64,1,1024,16,64,2,4,6,LPDDR3,1600,2,5000,2669
ARM_AppleA9_APL0898_LPDDR31600_7GB,1.85,ARM,8,64,1,64,8,64,1,1024,16,64,2,4,7,LPDDR3,1600,2,5000,2669
ARM_AppleA8X_APL1012_LPDDR31600_2GB,1.5,ARM,8,64,1,64,8,64,1,1024,16,64,3,4,2,LPDDR3,1600,3,5000,3191
ARM_AppleA8X_APL1012_LPDDR31600_3GB,1.5,ARM,8,64,1,64,8,64,1,1024,16,64,3,4,3,LPDDR3,1600,3,5000,3191
ARM_AppleA8X_APL1012_LPDDR31600_4GB,1.5,ARM,8,64,1,64,8,64,1,1024,16,64,3,4,4,LPDDR3,1600,3,5000,3191
ARM_AppleA8X_APL1012_LPDDR31600_6GB,1.5,ARM,8,64,1,64,8,64,1,1024,16,64,3,4,6,LPDDR3,1600,3,5000,3191
ARM_AppleA8X_APL1012_LPDDR31600_7GB,1.5,ARM,8,64,1,64,8,64,1,1024,16,64,3,4,7,LPDDR3,1600,3,5000,3191
ARM_AppleA8_APL1011_LPDDR31600_2GB,1.1,ARM,8,64,1,64,8,64,1,1024,16,64,2,4,2,LPDDR3,1600,2,5000,4115
ARM_AppleA8_APL1011_LPDDR31600_3GB,1.1,ARM,8,64,1,64,8,64,1,1024,16,64,2,4,3,LPDDR3,1600,2,5000,4115
ARM_AppleA8_APL1011_LPDDR31600_4GB,1.1,ARM,8,64,1,64,8,64,1,1024,16,64,2,4,4,LPDDR3,1600,2,5000,4115
ARM_AppleA8_APL1011_LPDDR31600_6GB,1.1,ARM,8,64,1,64,8,64,1,1024,16,64,2,4,6,LPDDR3,1600,2,5000,4115
ARM_AppleA8_APL1011_LPDDR31600_7GB,1.1,ARM,8,64,1,64,8,64,1,1024,16,64,2,4,7,LPDDR3,1600,2,5000,4115
ARM_AppleA7_APL0698_LPDDR31600_2GB,1.3,ARM,8,64,1,64,8,64,1,512,16,64,2,4,2,LPDDR3,1600,2,5000,3832
ARM_AppleA7_APL0698_LPDDR31600_3GB,1.3,ARM,8,64,1,64,8,64,1,512,16,64,2,4,3,LPDDR3,1600,2,5000,3832
ARM_AppleA7_APL0698_LPDDR31600_4GB,1.3,ARM,8,64,1,64,8,64,1,512,16,64,2,4,4,LPDDR3,1600,2,5000,3832
ARM_AppleA7_APL0698_LPDDR31600_6GB,1.3,ARM,8,64,1,64,8,64,1,512,16,64,2,4,6,LPDDR3,1600,2,5000,3832
ARM_AppleA7_APL0698_LPDDR31600_7GB,1.3,ARM,8,64,1,64,8,64,1,512,16,64,2,4,7,LPDDR3,1600,2,5000,3832
ARM_AppleA6_APL0598_LPDDR21066_2GB,1.3,ARM,8,64,1,32,8,64,1,512,16,64,2,1,2,LPDDR2,1066,2,5000,3989
ARM_AppleA6_APL0598_LPDDR21066_3GB,1.3,ARM,8,64,1,32,8,64,1,512,16,64,2,1,3,LPDDR2,1066,2,5000,3989
ARM_AppleA6_APL0598_LPDDR21066_4GB,1.3,ARM,8,64,1,32,8,64,1,512,16,64,2,1,4,LPDDR2,1066,2,5000,3989
ARM_AppleA6_APL0598_LPDDR21066_6GB,1.3,ARM,8,64,1,32,8,64,1,512,16,64,2,1,6,LPDDR2,1066,2,5000,3989
ARM_AppleA6_APL0598_LPDDR21066_7GB,1.3,ARM,8,64,1,32,8,64,1,512,16,64,2,1,7,LPDDR2,1066,2,5000,3989
ARM_AppleA5_APL7498_LPDDR2800_2GB,1,ARM,8,64,1,32,8,64,1,1024,16,64,1,1,2,LPDDR2,800,1,5000,4646
ARM_AppleA5_APL7498_LPDDR2800_3GB,1,ARM,8,64,1,32,8,64,1,1024,16,64,1,1,3,LPDDR2,800,1,5000,4646
ARM_AppleA5_APL7498_LPDDR2800_4GB,1,ARM,8,64,1,32,8,64,1,1024,16,64,1,1,4,LPDDR2,800,1,5000,4646
ARM_AppleA5_APL7498_LPDDR2800_6GB,1,ARM,8,64,1,32,8,64,1,1024,16,64,1,1,6,LPDDR2,800,1,5000,4646
ARM_AppleA5_APL7498_LPDDR2800_7GB,1,ARM,8,64,1,32,8,64,1,1024,16,64,1,1,7,LPDDR2,800,1,5000,4646
ARM_AppleA4_APL0398_LPDDR2400_2GB,1,ARM,8,64,1,32,8,64,1,512,16,64,1,1,2,LPDDR2,400,1,5000,4986
ARM_AppleA4_APL0398_LPDDR2400_3GB,1,ARM,8,64,1,32,8,64,1,512,16,64,1,1,3,LPDDR2,400,1,5000,4986
ARM_AppleA4_APL0398_LPDDR2400_4GB,1,ARM,8,64,1,32,8,64,1,512,16,64,1,1,4,LPDDR2,400,1,5000,4986
ARM_AppleA4_APL0398_LPDDR2400_6GB,1,ARM,8,64,1,32,8,64,1,512,16,64,1,1,6,LPDDR2,400,1,5000,4986
ARM_AppleA4_APL0398_LPDDR2400_7GB,1,ARM,8,64,1,32,8,64,1,512,16,64,1,1,7,LPDDR2,400,1,5000,4986
ARM_AMDOpteronA57_A1120_DDR41866_2GB,1.7,ARM,8,64,1,32,8,64,1,1024,16,64,4,8,2,DDR4,1866,4,5000,2884
ARM_AMDOpteronA57_A1120_DDR41866_3GB,1.7,ARM,8,64,1,32,8,64,1,1024,16,64,4,8,3,DDR4,1866,4,5000,2884
ARM_AMDOpteronA57_A1120_DDR41866_4GB,1.7,ARM,8,64,1,32,8,64,1,1024,16,64,4,8,4,DDR4,1866,4,5000,2884
ARM_AMDOpteronA57_A1120_DDR41866_6GB,1.7,ARM,8,64,1,32,8,64,1,1024,16,64,4,8,6,DDR4,1866,4,5000,2884
ARM_AMDOpteronA57_A1120_DDR41866_7GB,1.7,ARM,8,64,1,32,8,64,1,1024,16,64,4,8,7,DDR4,1866,4,5000,2884
ARM_AMDOpteronA57_A1150_DDR41866_2GB,1.7,ARM,8,64,1,32,8,64,1,1024,16,64,8,8,2,DDR4,1866,8,5000,2884
ARM_AMDOpteronA57_A1150_DDR41866_3GB,1.7,ARM,8,64,1,32,8,64,1,1024,16,64,8,8,3,DDR4,1866,8,5000,2884
ARM_AMDOpteronA57_A1150_DDR41866_4GB,1.7,ARM,8,64,1,32,8,64,1,1024,16,64,8,8,4,DDR4,1866,8,5000,2884
ARM_AMDOpteronA57_A1150_DDR41866_6GB,1.7,ARM,8,64,1,32,8,64,1,1024,16,64,8,8,6,DDR4,1866,8,5000,2884
ARM_AMDOpteronA57_A1150_DDR41866_7GB,1.7,ARM,8,64,1,32,8,64,1,1024,16,64,8,8,7,DDR4,1866,8,5000,2884
ARM_AMDOpteronA57_A1170_DDR41866_2GB,2,ARM,8,64,1,32,8,64,1,1024,16,64,8,8,2,DDR4,1866,8,5000,2519
ARM_AMDOpteronA57_A1170_DDR41866_3GB,2,ARM,8,64,1,32,8,64,1,1024,16,64,8,8,3,DDR4,1866,8,5000,2519
ARM_AMDOpteronA57_A1170_DDR41866_4GB,2,ARM,8,64,1,32,8,64,1,1024,16,64,8,8,4,DDR4,1866,8,5000,2519
ARM_AMDOpteronA57_A1170_DDR41866_6GB,2,ARM,8,64,1,32,8,64,1,1024,16,64,8,8,6,DDR4,1866,8,5000,2519
ARM_AMDOpteronA57_A1170_DDR41866_7GB,2,ARM,8,64,1,32,8,64,1,1024,16,64,8,8,7,DDR4,1866,8,5000,2519
ARM_QcomSnpS4_MSM8227_LPDDR2400_2GB,1,ARM,8,64,1,4,8,64,1,16,16,64,2,1,2,LPDDR2,400,2,6000,7654
ARM_QcomSnpS4_MSM8227_LPDDR2400_3GB,1,ARM,8,64,1,4,8,64,1,16,16,64,2,1,3,LPDDR2,400,2,6000,7654
ARM_QcomSnpS4_MSM8227_LPDDR2400_4GB,1,ARM,8,64,1,4,8,64,1,16,16,64,2,1,4,LPDDR2,400,2,6000,7654
ARM_QcomSnpS4_MSM8227_LPDDR2400_6GB,1,ARM,8,64,1,4,8,64,1,16,16,64,2,1,6,LPDDR2,400,2,6000,7654
ARM_QcomSnpS4_MSM8227_LPDDR2400_7GB,1,ARM,8,64,1,4,8,64,1,16,16,64,2,1,7,LPDDR2,400,2,6000,7654
ARM_QcomSnpS4_APQ8030_LPDDR2533_2GB,1.2,ARM,8,64,1,4,8,64,1,16,16,64,2,1,2,LPDDR2,533,2,6000,6481
ARM_QcomSnpS4_APQ8030_LPDDR2533_3GB,1.2,ARM,8,64,1,4,8,64,1,16,16,64,2,1,3,LPDDR2,533,2,6000,6481
ARM_QcomSnpS4_APQ8030_LPDDR2533_4GB,1.2,ARM,8,64,1,4,8,64,1,16,16,64,2,1,4,LPDDR2,533,2,6000,6481
ARM_QcomSnpS4_APQ8030_LPDDR2533_6GB,1.2,ARM,8,64,1,4,8,64,1,16,16,64,2,1,6,LPDDR2,533,2,6000,6481
ARM_QcomSnpS4_APQ8030_LPDDR2533_7GB,1.2,ARM,8,64,1,4,8,64,1,16,16,64,2,1,7,LPDDR2,533,2,6000,6481
ARM_QcomSnpS4_APQ8060A_LPDDR2533_2GB,1.5,ARM,8,64,1,4,8,64,1,16,16,64,2,1,2,LPDDR2,533,2,6000,5378
ARM_QcomSnpS4_APQ8060A_LPDDR2533_3GB,1.5,ARM,8,64,1,4,8,64,1,16,16,64,2,1,3,LPDDR2,533,2,6000,5378
ARM_QcomSnpS4_APQ8060A_LPDDR2533_4GB,1.5,ARM,8,64,1,4,8,64,1,16,16,64,2,1,4,LPDDR2,533,2,6000,5378
ARM_QcomSnpS4_APQ8060A_LPDDR2533_6GB,1.5,ARM,8,64,1,4,8,64,1,16,16,64,2,1,6,LPDDR2,533,2,6000,5378
ARM_QcomSnpS4_APQ8060A_LPDDR2533_7GB,1.5,ARM,8,64,1,4,8,64,1,16,16,64,2,1,7,LPDDR2,533,2,6000,5378
ARM_QcomSnpS4_MSM8960T_LPDDR2533_2GB,1.7,ARM,8,64,1,4,8,64,1,16,16,64,2,1,2,LPDDR2,533,2,6000,4806
ARM_QcomSnpS4_MSM8960T_LPDDR2533_3GB,1.7,ARM,8,64,1,4,8,64,1,16,16,64,2,1,3,LPDDR2,533,2,6000,4806
ARM_QcomSnpS4_MSM8960T_LPDDR2533_4GB,1.7,ARM,8,64,1,4,8,64,1,16,16,64,2,1,4,LPDDR2,533,2,6000,4806
ARM_QcomSnpS4_MSM8960T_LPDDR2533_6GB,1.7,ARM,8,64,1,4,8,64,1,16,16,64,2,1,6,LPDDR2,533,2,6000,4806
ARM_QcomSnpS4_MSM8960T_LPDDR2533_7GB,1.7,ARM,8,64,1,4,8,64,1,16,16,64,2,1,7,LPDDR2,533,2,6000,4806
ARM_QcomSnpS4_APQ8064_LPDDR2533_2GB,1.5,ARM,8,64,1,4,8,64,1,16,16,64,4,2,2,LPDDR2,533,4,6000,5378
ARM_QcomSnpS4_APQ8064_LPDDR2533_3GB,1.5,ARM,8,64,1,4,8,64,1,16,16,64,4,2,3,LPDDR2,533,4,6000,5378
ARM_QcomSnpS4_APQ8064_LPDDR2533_4GB,1.5,ARM,8,64,1,4,8,64,1,16,16,64,4,2,4,LPDDR2,533,4,6000,5378
ARM_QcomSnpS4_APQ8064_LPDDR2533_6GB,1.5,ARM,8,64,1,4,8,64,1,16,16,64,4,2,6,LPDDR2,533,4,6000,5378
ARM_QcomSnpS4_APQ8064_LPDDR2533_7GB,1.5,ARM,8,64,1,4,8,64,1,16,16,64,4,2,7,LPDDR2,533,4,6000,5378
ARM_QcomSnpS4_APQ8064M_LPDDR2533_2GB,1.7,ARM,8,64,1,4,8,64,1,16,16,64,4,2,2,LPDDR2,533,4,6000,4806
ARM_QcomSnpS4_APQ8064M_LPDDR2533_3GB,1.7,ARM,8,64,1,4,8,64,1,16,16,64,4,2,3,LPDDR2,533,4,6000,4806
ARM_QcomSnpS4_APQ8064M_LPDDR2533_4GB,1.7,ARM,8,64,1,4,8,64,1,16,16,64,4,2,4,LPDDR2,533,4,6000,4806
ARM_QcomSnpS4_APQ8064M_LPDDR2533_6GB,1.7,ARM,8,64,1,4,8,64,1,16,16,64,4,2,6,LPDDR2,533,4,6000,4806
ARM_QcomSnpS4_APQ8064M_LPDDR2533_7GB,1.7,ARM,8,64,1,4,8,64,1,16,16,64,4,2,7,LPDDR2,533,4,6000,4806
ARM_QcomSnpS4_APQ8064AB_LPDDR2667_2GB,1.9,ARM,8,64,1,4,8,64,1,16,16,64,4,2,2,LPDDR2,667,4,6000,4392
ARM_QcomSnpS4_APQ8064AB_LPDDR2667_3GB,1.9,ARM,8,64,1,4,8,64,1,16,16,64,4,2,3,LPDDR2,667,4,6000,4392
ARM_QcomSnpS4_APQ8064AB_LPDDR2667_4GB,1.9,ARM,8,64,1,4,8,64,1,16,16,64,4,2,4,LPDDR2,667,4,6000,4392
ARM_QcomSnpS4_APQ8064AB_LPDDR2667_6GB,1.9,ARM,8,64,1,4,8,64,1,16,16,64,4,2,6,LPDDR2,667,4,6000,4392
ARM_QcomSnpS4_APQ8064AB_LPDDR2667_7GB,1.9,ARM,8,64,1,4,8,64,1,16,16,64,4,2,7,LPDDR2,667,4,6000,4392
ARM_QcomSnpS4_APQ8074AA_LPDDR2800_2GB,2.26,ARM,8,64,1,4,8,64,1,16,16,64,4,2,2,LPDDR2,800,4,6000,3830
ARM_QcomSnpS4_APQ8074AA_LPDDR2800_3GB,2.26,ARM,8,64,1,4,8,64,1,16,16,64,4,2,3,LPDDR2,800,4,6000,3830
ARM_QcomSnpS4_APQ8074AA_LPDDR2800_4GB,2.26,ARM,8,64,1,4,8,64,1,16,16,64,4,2,4,LPDDR2,800,4,6000,3830
ARM_QcomSnpS4_APQ8074AA_LPDDR2800_6GB,2.26,ARM,8,64,1,4,8,64,1,16,16,64,4,2,6,LPDDR2,800,4,6000,3830
ARM_QcomSnpS4_APQ8074AA_LPDDR2800_7GB,2.26,ARM,8,64,1,4,8,64,1,16,16,64,4,2,7,LPDDR2,800,4,6000,3830
ARM_QcomSnpS4_APQ8074AB_LPDDR2933_2GB,2.36,ARM,8,64,1,4,8,64,1,16,16,64,4,2,2,LPDDR2,933,4,6000,3676
ARM_QcomSnpS4_APQ8074AB_LPDDR2933_3GB,2.36,ARM,8,64,1,4,8,64,1,16,16,64,4,2,3,LPDDR2,933,4,6000,3676
ARM_QcomSnpS4_APQ8074AB_LPDDR2933_4GB,2.36,ARM,8,64,1,4,8,64,1,16,16,64,4,2,4,LPDDR2,933,4,6000,3676
ARM_QcomSnpS4_APQ8074AB_LPDDR2933_6GB,2.36,ARM,8,64,1,4,8,64,1,16,16,64,4,2,6,LPDDR2,933,4,6000,3676
ARM_QcomSnpS4_APQ8074AB_LPDDR2933_7GB,2.36,ARM,8,64,1,4,8,64,1,16,16,64,4,2,7,LPDDR2,933,4,6000,3676
ARM_QcomSnpS4_APQ8084_LPDDR2800_2GB,2.7,ARM,8,64,1,4,8,64,1,16,16,64,4,2,2,LPDDR2,800,4,6000,3340
ARM_QcomSnpS4_APQ8084_LPDDR2800_3GB,2.7,ARM,8,64,1,4,8,64,1,16,16,64,4,2,3,LPDDR2,800,4,6000,3340
ARM_QcomSnpS4_APQ8084_LPDDR2800_4GB,2.7,ARM,8,64,1,4,8,64,1,16,16,64,4,2,4,LPDDR2,800,4,6000,3340
ARM_QcomSnpS4_APQ8084_LPDDR2800_6GB,2.7,ARM,8,64,1,4,8,64,1,16,16,64,4,2,6,LPDDR2,800,4,6000,3340
ARM_QcomSnpS4_APQ8084_LPDDR2800_7GB,2.7,ARM,8,64,1,4,8,64,1,16,16,64,4,2,7,LPDDR2,800,4,6000,3340
ARM_QcomSnpS4_MSM8992_LPDDR2933_2GB,1.5,ARM,8,64,1,64,8,64,1,128,12,64,6,3,2,LPDDR2,933,6,6000,4394
ARM_QcomSnpS4_MSM8992_LPDDR2933_3GB,1.5,ARM,8,64,1,64,8,64,1,128,12,64,6,3,3,LPDDR2,933,6,6000,4394
ARM_QcomSnpS4_MSM8992_LPDDR2933_4GB,1.5,ARM,8,64,1,64,8,64,1,128,12,64,6,3,4,LPDDR2,933,6,6000,4394
ARM_QcomSnpS4_MSM8992_LPDDR2933_6GB,1.5,ARM,8,64,1,64,8,64,1,128,12,64,6,3,6,LPDDR2,933,6,6000,4394
ARM_QcomSnpS4_MSM8992_LPDDR2933_7GB,1.5,ARM,8,64,1,64,8,64,1,128,12,64,6,3,7,LPDDR2,933,6,6000,4394
ARM_QcomSnpS4_MSM8994_LPDDR31600_2GB,1.75,ARM,8,64,1,64,8,64,1,128,12,64,8,3,2,LPDDR3,1600,8,6000,3717
ARM_QcomSnpS4_MSM8994_LPDDR31600_3GB,1.75,ARM,8,64,1,64,8,64,1,128,12,64,8,3,3,LPDDR3,1600,8,6000,3717
ARM_QcomSnpS4_MSM8994_LPDDR31600_4GB,1.75,ARM,8,64,1,64,8,64,1,128,12,64,8,3,4,LPDDR3,1600,8,6000,3717
ARM_QcomSnpS4_MSM8994_LPDDR31600_6GB,1.75,ARM,8,64,1,64,8,64,1,128,12,64,8,3,6,LPDDR3,1600,8,6000,3717
ARM_QcomSnpS4_MSM8994_LPDDR31600_7GB,1.75,ARM,8,64,1,64,8,64,1,128,12,64,8,3,7,LPDDR3,1600,8,6000,3717
ARM_QcomSnpS4_MSM8996_LPDDR31866_2GB,1.75,ARM,8,64,1,4,8,64,1,16,16,64,4,2,2,LPDDR3,1866,4,6000,4534
ARM_QcomSnpS4_MSM8996_LPDDR31866_3GB,1.75,ARM,8,64,1,4,8,64,1,16,16,64,4,2,3,LPDDR3,1866,4,6000,4534
ARM_QcomSnpS4_MSM8996_LPDDR31866_4GB,1.75,ARM,8,64,1,4,8,64,1,16,16,64,4,2,4,LPDDR3,1866,4,6000,4534
ARM_QcomSnpS4_MSM8996_LPDDR31866_6GB,1.75,ARM,8,64,1,4,8,64,1,16,16,64,4,2,6,LPDDR3,1866,4,6000,4534
ARM_QcomSnpS4_MSM8996_LPDDR31866_7GB,1.75,ARM,8,64,1,4,8,64,1,16,16,64,4,2,7,LPDDR3,1866,4,6000,4534
ARM_AppleA10_APL1W24_LPDDR31600_2GB,2.34,ARM,8,64,1,64,8,64,1,1024,16,64,4,4,2,LPDDR3,1600,4,6000,2591
ARM_AppleA10_APL1W24_LPDDR31600_3GB,2.34,ARM,8,64,1,64,8,64,1,1024,16,64,4,4,3,LPDDR3,1600,4,6000,2591
ARM_AppleA10_APL1W24_LPDDR31600_4GB,2.34,ARM,8,64,1,64,8,64,1,1024,16,64,4,4,4,LPDDR3,1600,4,6000,2591
ARM_AppleA10_APL1W24_LPDDR31600_6GB,2.34,ARM,8,64,1,64,8,64,1,1024,16,64,4,4,6,LPDDR3,1600,4,6000,2591
ARM_AppleA10_APL1W24_LPDDR31600_7GB,2.34,ARM,8,64,1,64,8,64,1,1024,16,64,4,4,7,LPDDR3,1600,4,6000,2591
ARM_AppleA9_APL0898_LPDDR31600_2GB,1.85,ARM,8,64,1,64,8,64,1,1024,16,64,2,4,2,LPDDR3,1600,2,6000,3096
ARM_AppleA9_APL0898_LPDDR31600_3GB,1.85,ARM,8,64,1,64,8,64,1,1024,16,64,2,4,3,LPDDR3,1600,2,6000,3096
ARM_AppleA9_APL0898_LPDDR31600_4GB,1.85,ARM,8,64,1,64,8,64,1,1024,16,64,2,4,4,LPDDR3,1600,2,6000,3096
ARM_AppleA9_APL0898_LPDDR31600_6GB,1.85,ARM,8,64,1,64,8,64,1,1024,16,64,2,4,6,LPDDR3,1600,2,6000,3096
ARM_AppleA9_APL0898_LPDDR31600_7GB,1.85,ARM,8,64,1,64,8,64,1,1024,16,64,2,4,7,LPDDR3,1600,2,6000,3096
ARM_AppleA8X_APL1012_LPDDR31600_2GB,1.5,ARM,8,64,1,64,8,64,1,1024,16,64,3,4,2,LPDDR3,1600,3,6000,3672
ARM_AppleA8X_APL1012_LPDDR31600_3GB,1.5,ARM,8,64,1,64,8,64,1,1024,16,64,3,4,3,LPDDR3,1600,3,6000,3672
ARM_AppleA8X_APL1012_LPDDR31600_4GB,1.5,ARM,8,64,1,64,8,64,1,1024,16,64,3,4,4,LPDDR3,1600,3,6000,3672
ARM_AppleA8X_APL1012_LPDDR31600_6GB,1.5,ARM,8,64,1,64,8,64,1,1024,16,64,3,4,6,LPDDR3,1600,3,6000,3672
ARM_AppleA8X_APL1012_LPDDR31600_7GB,1.5,ARM,8,64,1,64,8,64,1,1024,16,64,3,4,7,LPDDR3,1600,3,6000,3672
ARM_AppleA8_APL1011_LPDDR31600_2GB,1.1,ARM,8,64,1,64,8,64,1,1024,16,64,2,4,2,LPDDR3,1600,2,6000,4734
ARM_AppleA8_APL1011_LPDDR31600_3GB,1.1,ARM,8,64,1,64,8,64,1,1024,16,64,2,4,3,LPDDR3,1600,2,6000,4734
ARM_AppleA8_APL1011_LPDDR31600_4GB,1.1,ARM,8,64,1,64,8,64,1,1024,16,64,2,4,4,LPDDR3,1600,2,6000,4734
ARM_AppleA8_APL1011_LPDDR31600_6GB,1.1,ARM,8,64,1,64,8,64,1,1024,16,64,2,4,6,LPDDR3,1600,2,6000,4734
ARM_AppleA8_APL1011_LPDDR31600_7GB,1.1,ARM,8,64,1,64,8,64,1,1024,16,64,2,4,7,LPDDR3,1600,2,6000,4734
ARM_AppleA7_APL0698_LPDDR31600_2GB,1.3,ARM,8,64,1,64,8,64,1,512,16,64,2,4,2,LPDDR3,1600,2,6000,4472
ARM_AppleA7_APL0698_LPDDR31600_3GB,1.3,ARM,8,64,1,64,8,64,1,512,16,64,2,4,3,LPDDR3,1600,2,6000,4472
ARM_AppleA7_APL0698_LPDDR31600_4GB,1.3,ARM,8,64,1,64,8,64,1,512,16,64,2,4,4,LPDDR3,1600,2,6000,4472
ARM_AppleA7_APL0698_LPDDR31600_6GB,1.3,ARM,8,64,1,64,8,64,1,512,16,64,2,4,6,LPDDR3,1600,2,6000,4472
ARM_AppleA7_APL0698_LPDDR31600_7GB,1.3,ARM,8,64,1,64,8,64,1,512,16,64,2,4,7,LPDDR3,1600,2,6000,4472
ARM_AppleA6_APL0598_LPDDR21066_2GB,1.3,ARM,8,64,1,32,8,64,1,512,16,64,2,1,2,LPDDR2,1066,2,6000,4648
ARM_AppleA6_APL0598_LPDDR21066_3GB,1.3,ARM,8,64,1,32,8,64,1,512,16,64,2,1,3,LPDDR2,1066,2,6000,4648
ARM_AppleA6_APL0598_LPDDR21066_4GB,1.3,ARM,8,64,1,32,8,64,1,512,16,64,2,1,4,LPDDR2,1066,2,6000,4648
ARM_AppleA6_APL0598_LPDDR21066_6GB,1.3,ARM,8,64,1,32,8,64,1,512,16,64,2,1,6,LPDDR2,1066,2,6000,4648
ARM_AppleA6_APL0598_LPDDR21066_7GB,1.3,ARM,8,64,1,32,8,64,1,512,16,64,2,1,7,LPDDR2,1066,2,6000,4648
ARM_AppleA5_APL7498_LPDDR2800_2GB,1,ARM,8,64,1,32,8,64,1,1024,16,64,1,1,2,LPDDR2,800,1,6000,5337
ARM_AppleA5_APL7498_LPDDR2800_3GB,1,ARM,8,64,1,32,8,64,1,1024,16,64,1,1,3,LPDDR2,800,1,6000,5337
ARM_AppleA5_APL7498_LPDDR2800_4GB,1,ARM,8,64,1,32,8,64,1,1024,16,64,1,1,4,LPDDR2,800,1,6000,5337
ARM_AppleA5_APL7498_LPDDR2800_6GB,1,ARM,8,64,1,32,8,64,1,1024,16,64,1,1,6,LPDDR2,800,1,6000,5337
ARM_AppleA5_APL7498_LPDDR2800_7GB,1,ARM,8,64,1,32,8,64,1,1024,16,64,1,1,7,LPDDR2,800,1,6000,5337
ARM_AppleA4_APL0398_LPDDR2400_2GB,1,ARM,8,64,1,32,8,64,1,512,16,64,1,1,2,LPDDR2,400,1,6000,5804
ARM_AppleA4_APL0398_LPDDR2400_3GB,1,ARM,8,64,1,32,8,64,1,512,16,64,1,1,3,LPDDR2,400,1,6000,5804
ARM_AppleA4_APL0398_LPDDR2400_4GB,1,ARM,8,64,1,32,8,64,1,512,16,64,1,1,4,LPDDR2,400,1,6000,5804
ARM_AppleA4_APL0398_LPDDR2400_6GB,1,ARM,8,64,1,32,8,64,1,512,16,64,1,1,6,LPDDR2,400,1,6000,5804
ARM_AppleA4_APL0398_LPDDR2400_7GB,1,ARM,8,64,1,32,8,64,1,512,16,64,1,1,7,LPDDR2,400,1,6000,5804
ARM_AMDOpteronA57_A1120_DDR41866_2GB,1.7,ARM,8,64,1,32,8,64,1,1024,16,64,4,8,2,DDR4,1866,4,6000,3327
ARM_AMDOpteronA57_A1120_DDR41866_3GB,1.7,ARM,8,64,1,32,8,64,1,1024,16,64,4,8,3,DDR4,1866,4,6000,3327
ARM_AMDOpteronA57_A1120_DDR41866_4GB,1.7,ARM,8,64,1,32,8,64,1,1024,16,64,4,8,4,DDR4,1866,4,6000,3327
ARM_AMDOpteronA57_A1120_DDR41866_6GB,1.7,ARM,8,64,1,32,8,64,1,1024,16,64,4,8,6,DDR4,1866,4,6000,3327
ARM_AMDOpteronA57_A1120_DDR41866_7GB,1.7,ARM,8,64,1,32,8,64,1,1024,16,64,4,8,7,DDR4,1866,4,6000,3327
ARM_AMDOpteronA57_A1150_DDR41866_2GB,1.7,ARM,8,64,1,32,8,64,1,1024,16,64,8,8,2,DDR4,1866,8,6000,3327
ARM_AMDOpteronA57_A1150_DDR41866_3GB,1.7,ARM,8,64,1,32,8,64,1,1024,16,64,8,8,3,DDR4,1866,8,6000,3327
ARM_AMDOpteronA57_A1150_DDR41866_4GB,1.7,ARM,8,64,1,32,8,64,1,1024,16,64,8,8,4,DDR4,1866,8,6000,3327
ARM_AMDOpteronA57_A1150_DDR41866_6GB,1.7,ARM,8,64,1,32,8,64,1,1024,16,64,8,8,6,DDR4,1866,8,6000,3327
ARM_AMDOpteronA57_A1150_DDR41866_7GB,1.7,ARM,8,64,1,32,8,64,1,1024,16,64,8,8,7,DDR4,1866,8,6000,3327
ARM_AMDOpteronA57_A1170_DDR41866_2GB,2,ARM,8,64,1,32,8,64,1,1024,16,64,8,8,2,DDR4,1866,8,6000,2912
ARM_AMDOpteronA57_A1170_DDR41866_3GB,2,ARM,8,64,1,32,8,64,1,1024,16,64,8,8,3,DDR4,1866,8,6000,2912
ARM_AMDOpteronA57_A1170_DDR41866_4GB,2,ARM,8,64,1,32,8,64,1,1024,16,64,8,8,4,DDR4,1866,8,6000,2912
ARM_AMDOpteronA57_A1170_DDR41866_6GB,2,ARM,8,64,1,32,8,64,1,1024,16,64,8,8,6,DDR4,1866,8,6000,2912
ARM_AMDOpteronA57_A1170_DDR41866_7GB,2,ARM,8,64,1,32,8,64,1,1024,16,64,8,8,7,DDR4,1866,8,6000,2912
